date,period,side,net_vol,big_count,total_count,time,hit,max_win_pct,days_to_hit,es_start,es_target,vol_bucket,same_day_hit
2025-07-14,RTH,Buy,500,1,1,12:58:20.072000,0.0,0.5426817191523073,,6311.25,6345.5,<500,0.0
2025-07-15,FirstHour,Buy,500,1,1,07:07:33.170000,0.0,0.5181347150259068,,6320.75,6353.5,<500,0.0
2025-07-15,RTH,Sell,500,1,1,10:25:25.550000,1.0,0.9129157735968882,1.0,6298.5,6241.0,<500,0.0
2025-07-15,RTH,Buy,500,1,1,10:28:45.799000,1.0,0.8452045553747867,3.0,6300.25,6353.5,<500,0.0
2025-07-16,RTH,Buy,500,1,1,08:03:30.500000,1.0,1.3838078574836965,1.0,6287.0,6345.5,<500,0.0
2025-07-16,RTH,Buy,500,1,1,08:10:36.964000,1.0,1.3193450961691306,1.0,6291.0,6345.5,<500,0.0
2025-07-16,RTH,Buy,500,1,1,10:10:05.138000,1.0,1.2268233612577917,1.0,6296.75,6345.5,<500,0.0
2025-07-17,FirstHour,Buy,500,1,1,06:42:25.891000,1.0,0.9183027232425586,4.0,6316.0,6374.0,<500,0.0
2025-07-21,AH,Sell,500,1,1,13:59:10.888000,0.0,0.4489779843251546,,6347.75,6319.25,<500,0.0
2025-07-22,RTH,Buy,550,1,1,08:47:37.865000,1.0,1.4873555055825147,1.0,6336.75,6407.25,500-1000,0.0
2025-07-22,RTH,Buy,500,1,1,09:13:52.321000,1.0,1.5474498657824096,1.0,6333.0,6407.25,<500,0.0
2025-07-23,RTH,Sell,500,1,1,11:15:40.181000,0.0,0.5595335915796064,,6389.25,6353.5,<500,0.0
2025-07-23,RTH,Sell,500,1,1,12:59:10.192000,0.0,0.6139767705604005,,6392.75,6353.5,<500,0.0
2025-07-24,AH,Sell,2981,1,1,13:59:36.970000,0.0,0.15609756097560976,,6406.25,6396.25,>2000,0.0
2025-07-29,RTH,Buy,520,1,1,09:00:01.159000,0.0,0.5808740399984407,,6412.75,6450.0,500-1000,0.0
2025-07-29,RTH,Sell,500,1,1,11:14:24.786000,1.0,2.6219274287943817,2.0,6407.5,6357.5,<500,0.0
2025-07-30,AH,Sell,500,1,1,13:18:29.386000,1.0,2.890938095793938,0.0,6425.25,6366.75,<500,1.0
2025-07-30,AH,Sell,500,1,1,13:27:37.433000,1.0,2.985306693617352,0.0,6431.5,6366.75,<500,1.0
2025-07-30,RTH,Buy,500,1,1,11:59:45.274000,1.0,1.0852956157191551,0.0,6380.75,6435.25,<500,1.0
2025-07-30,RTH,Buy,500,1,1,11:59:57.812000,1.0,1.089256327873991,0.0,6380.5,6435.25,<500,1.0
2025-07-30,RTH,Buy,500,1,1,12:25:28.643000,1.0,1.204252147648374,0.0,6373.25,6435.25,<500,1.0
2025-07-31,RTH,Sell,600,1,1,10:32:32.395000,1.0,2.401063663381824,1.0,6393.0,6239.5,500-1000,0.0
2025-07-31,RTH,Buy,609,1,1,10:52:11.610000,1.0,0.9310695563727408,0.0,6390.5,6450.0,500-1000,1.0
2025-07-31,RTH,Sell,430,0,1,12:42:56.519000,1.0,2.2979056566842826,1.0,6386.25,6239.5,<500,0.0
2025-08-01,RTH,Sell,500,1,1,07:30:06.508000,0.0,0.6290810638636726,,6279.0,6239.5,<500,0.0
2025-08-04,FirstHour,Buy,500,1,1,06:39:29.176000,1.0,1.4715771984651291,0.0,6319.75,6370.0,<500,1.0
2025-08-05,FirstHour,Buy,600,1,1,06:38:24.976000,1.0,0.9385799560163367,3.0,6366.0,6425.75,500-1000,0.0
2025-08-05,PM,Buy,1275,0,3,01:03:36.017000,1.0,0.9703016970458831,2.0,6364.0,6412.75,1000-2000,0.0
2025-08-06,RTH,Sell,500,1,1,08:14:56.397000,0.0,0.44851870795137116,,6354.25,6325.75,<500,0.0
2025-08-06,RTH,Buy,550,1,1,08:17:36.378000,1.0,1.1798945960827498,1.0,6356.5,6412.75,500-1000,0.0
2025-08-06,RTH,Buy,600,1,1,08:21:49.622000,1.0,1.1242138364779874,1.0,6360.0,6412.75,500-1000,0.0
2025-08-06,RTH,Buy,500,1,1,10:58:11.557000,1.0,1.013035966703314,2.0,6367.0,6425.75,<500,0.0
2025-08-07,AH,Buy,1000,1,1,13:09:37.229000,1.0,1.5379786566227243,1.0,6372.0,6425.75,500-1000,0.0
2025-08-07,RTH,Buy,850,1,1,11:38:09.806000,1.0,1.9539867633154744,0.0,6346.0,6412.75,500-1000,1.0
2025-08-08,PM,Buy,308,0,1,04:00:26.535000,1.0,1.7300767183341164,4.0,6387.0,6470.0,<500,0.0
2025-08-11,FirstHour,Buy,450,0,1,06:57:20.909000,1.0,1.2544802867383513,1.0,6417.0,6470.0,<500,0.0
2025-08-12,PM,Buy,290,0,1,02:43:37.628000,1.0,1.4758706856161175,0.0,6403.0,6470.0,<500,1.0
2025-08-12,RTH,Buy,400,0,1,07:44:57.952000,1.0,0.9673283866205664,1.0,6435.25,6497.5,<500,0.0
2025-08-13,FirstHour,Buy,324,0,1,07:29:28.373000,0.0,0.2700617283950617,,6480.0,6497.5,<500,0.0
2025-08-14,AH,Buy,481,0,1,19:26:12.541000,0.0,-0.07306849209706573,,6500.75,6496.0,<500,0.0
2025-08-14,RTH,Sell,378,0,1,10:23:52.734000,1.0,1.0482099502871016,5.0,6487.25,6419.25,<500,0.0
2025-08-18,FirstHour,Sell,400,0,1,06:38:35.706000,1.0,1.6120303077160971,2.0,6467.0,6362.75,<500,0.0
2025-08-18,RTH,Buy,389,0,1,09:13:20.874000,0.0,0.1701403658017865,,6465.25,6476.25,<500,0.0
2025-08-18,RTH,Sell,371,0,1,10:14:07.693000,1.0,1.6082266981095605,2.0,6466.75,6362.75,<500,0.0
2025-08-19,AH,Sell,495,0,1,18:17:01.219000,1.0,0.9380351860501324,1.0,6423.0,6362.75,<500,0.0
2025-08-19,AH,Sell,400,0,1,18:36:01.292000,1.0,0.8685830022590948,1.0,6418.5,6362.75,<500,0.0
2025-08-19,RTH,Sell,397,0,1,09:23:30.101000,1.0,1.2493694952081635,1.0,6443.25,6362.75,<500,0.0
2025-08-19,RTH,Sell,401,0,1,09:53:36.844000,1.0,1.1189245891448774,1.0,6434.75,6362.75,<500,0.0
2025-08-20,FirstHour,Sell,2866,4,8,07:08:22.482000,0.0,0.23910316713703356,,6378.0,6362.75,>2000,0.0
2025-08-20,PM,Buy,292,0,1,05:15:18.153000,1.0,1.097148192817959,2.0,6425.75,6496.25,<500,0.0
2025-08-20,RTH,Sell,500,1,1,08:00:57.879000,0.0,0.11381475667189953,,6370.0,6362.75,<500,0.0
2025-08-20,RTH,Buy,620,1,1,09:08:17.177000,1.0,1.686624403224544,2.0,6388.5,6496.25,500-1000,0.0
2025-08-20,RTH,Sell,468,0,1,11:04:40.034000,0.0,0.5198561601000625,,6396.0,6362.75,<500,0.0
2025-08-20,RTH,Sell,404,0,1,11:08:14.097000,0.0,0.5120788054100539,,6395.5,6362.75,<500,0.0
2025-08-21,FirstHour,Sell,1122,2,2,06:46:51.371000,0.0,0.15282131661442006,,6380.0,6370.25,1000-2000,0.0
2025-08-21,RTH,Sell,668,1,1,08:23:42.548000,0.0,0.4881668358978365,,6401.5,6370.25,500-1000,0.0
2025-08-22,RTH,Buy,500,1,1,07:40:36.110000,0.0,0.3161141094834233,,6485.0,6505.5,<500,0.0
2025-08-22,RTH,Buy,500,1,1,07:55:18.401000,0.0,0.23882896764252695,,6490.0,6505.5,<500,0.0
2025-08-22,RTH,Sell,363,0,1,08:59:11.686000,1.0,1.1099976875048176,0.0,6486.5,6414.5,<500,1.0
2025-08-24,AH,Sell,993,1,1,20:59:19.546000,0.0,0.3936703975299112,,6477.5,6452.0,500-1000,0.0
2025-08-25,AH,Sell,2875,1,1,13:59:05.158000,0.0,0.11997368319207401,,6459.75,6452.0,>2000,0.0
2025-08-26,AH,Sell,2265,1,1,13:58:32.828000,0.0,0.5395406197009404,,6487.0,6452.0,>2000,0.0
2025-08-26,AH,Sell,600,1,1,13:59:21.408000,0.0,0.5395406197009404,,6487.0,6452.0,500-1000,0.0
2025-08-26,RTH,Buy,306,0,1,07:45:18.659000,1.0,1.0104138438310557,2.0,6457.75,6523.0,<500,0.0
2025-08-26,RTH,Sell,300,0,1,12:50:41.541000,0.0,0.36675288576612747,,6475.75,6452.0,<500,0.0
2025-08-28,AH,Sell,2000,1,1,13:58:58.296000,1.0,2.221284431826901,1.0,6516.5,6455.5,1000-2000,0.0
2025-08-28,FirstHour,Buy,500,1,1,07:08:55.538000,0.0,0.44269931092889864,,6494.25,6523.0,<500,0.0
2025-08-28,RTH,Buy,500,1,1,08:16:05.692000,0.0,0.35384615384615387,,6500.0,6523.0,<500,0.0
2025-08-28,RTH,Sell,360,0,1,12:59:57.113000,1.0,2.2250354854797254,1.0,6516.75,6455.5,<500,0.0
2025-09-01,PM,Buy,375,0,1,03:41:18.553000,0.0,0.7482547151618004,,6481.75,6530.25,<500,0.0
2025-09-02,RTH,Sell,305,0,1,10:27:04.285000,0.0,0.44140624999999994,,6400.0,6371.75,<500,0.0
2025-09-03,AH,Sell,2940,1,1,13:57:45.173000,0.0,0.5301242115853423,,6460.75,6426.5,>2000,0.0
2025-09-03,AH,Sell,1000,1,1,13:59:45.111000,0.0,0.5185758513931888,,6460.0,6426.5,500-1000,0.0
2025-09-03,AH,Sell,2974,1,1,13:59:18.601000,0.0,0.5301242115853423,,6460.75,6426.5,>2000,0.0
2025-09-03,RTH,Buy,545,1,1,08:08:51.036000,1.0,1.0874613003095974,1.0,6460.0,6516.75,500-1000,0.0
2025-09-03,RTH,Sell,900,1,1,09:25:30.590000,0.0,0.287044220325834,,6445.0,6426.5,500-1000,0.0
2025-09-03,RTH,Sell,315,0,1,11:39:48.910000,0.0,0.007779679477205539,,6427.0,6426.5,<500,0.0
2025-09-03,RTH,Sell,300,0,1,12:45:00.851000,0.0,0.2560918826633556,,6443.0,6426.5,<500,0.0
2025-09-03,RTH,Sell,300,0,1,12:55:22.530000,0.0,0.39908559029795804,,6452.25,6426.5,<500,0.0
2025-09-04,AH,Sell,293,0,1,13:15:05.994000,1.0,0.9479946267511034,0.0,6513.75,6456.25,<500,1.0
2025-09-04,AH,Sell,348,0,1,13:55:39.909000,1.0,0.959398265407936,0.0,6514.5,6456.25,<500,1.0
2025-09-04,AH,Sell,911,1,1,13:54:23.689000,1.0,0.9631988948156107,0.0,6514.75,6456.25,500-1000,1.0
2025-09-04,AH,Sell,599,1,1,13:54:21.038000,1.0,0.9669992325402917,0.0,6515.0,6456.25,500-1000,1.0
2025-09-04,AH,Sell,2453,1,1,13:58:19.778000,1.0,0.9517961314092724,0.0,6514.0,6456.25,>2000,1.0
2025-09-04,AH,Sell,1999,1,1,13:59:34.787000,1.0,0.9365883617380623,0.0,6513.0,6456.25,1000-2000,1.0
2025-09-04,AH,Sell,319,0,1,13:59:53.214000,1.0,0.9289827255278311,0.0,6512.5,6456.25,<500,1.0
2025-09-04,AH,Sell,498,0,1,13:59:53.214000,1.0,0.9289827255278311,0.0,6512.5,6456.25,<500,1.0
2025-09-04,FirstHour,Buy,1600,2,2,07:25:09.170000,1.0,1.0122474210872001,1.0,6470.75,6530.25,1000-2000,0.0
2025-09-04,PM,Buy,1500,2,2,03:14:25.682000,1.0,0.9849362688296639,1.0,6472.5,6530.25,1000-2000,0.0
2025-09-04,RTH,Sell,478,0,1,12:58:55.204000,1.0,0.8909370199692781,0.0,6510.0,6456.25,<500,1.0
2025-09-04,RTH,Sell,734,1,1,12:59:50.355000,1.0,0.8719032072210485,0.0,6508.75,6456.25,500-1000,1.0
2025-09-05,RTH,Sell,349,0,1,08:10:49.336000,0.0,0.03486075066816439,,6454.25,6452.0,<500,0.0
2025-09-05,RTH,Sell,337,0,1,08:12:13.205000,0.0,0.10837590958352686,,6459.0,6452.0,<500,0.0
2025-09-05,RTH,Buy,400,0,1,08:14:41.520000,1.0,1.4571737786023502,0.0,6468.0,6530.25,<500,1.0
2025-09-05,RTH,Sell,413,0,1,10:24:38.855000,0.0,0.4666589532955378,,6482.25,6452.0,<500,0.0
2025-09-07,AH,Buy,350,0,1,17:30:34.619000,1.0,1.4448201660006148,3.0,6506.0,6562.25,<500,0.0
2025-09-07,AH,Buy,654,1,1,23:03:15.596000,1.0,1.569713758079409,3.0,6498.0,6562.25,500-1000,0.0
2025-09-08,FirstHour,Buy,600,1,1,07:08:24.327000,1.0,1.4604150653343582,2.0,6505.0,6562.25,500-1000,0.0
2025-09-09,PM,Buy,381,0,1,06:07:32.761000,1.0,1.548749087275662,1.0,6505.25,6562.25,<500,0.0
2025-09-09,RTH,Sell,303,0,1,10:25:41.039000,0.0,0.37612742275954714,,6513.75,6489.25,<500,0.0
2025-09-10,PM,Buy,320,0,1,05:30:01.125000,1.0,1.1221374045801527,1.0,6550.0,6600.0,<500,0.0
2025-09-10,RTH,Buy,1000,1,1,10:59:38.744000,1.0,1.2767584097859326,1.0,6540.0,6600.0,500-1000,0.0
2025-09-11,AH,Sell,471,0,1,13:58:10.248000,0.0,0.32617765303800345,,6591.5,6570.0,<500,0.0
2025-09-11,AH,Sell,1494,1,1,13:59:31.081000,0.0,0.3299579019228581,,6591.75,6570.0,1000-2000,0.0
2025-09-11,RTH,Buy,314,0,1,11:17:54.921000,1.0,1.3241766580664744,5.0,6589.0,6676.25,<500,0.0
2025-09-12,RTH,Buy,327,0,1,12:59:58.992000,1.0,1.4951426836672739,4.0,6588.0,6676.25,<500,0.0
2025-09-15,FirstHour,Buy,1192,1,1,06:41:49.935000,0.0,0.7196401799100449,,6670.0,6718.0,1000-2000,0.0
2025-09-15,RTH,Sell,300,0,1,12:56:41.065000,1.0,1.0488069820579091,0.0,6674.25,6605.5,<500,1.0
2025-09-16,RTH,Sell,500,1,1,12:31:14.732000,0.0,0.11721113127646703,,6612.0,6604.25,<500,0.0
2025-09-16,RTH,Sell,303,0,1,12:44:47.021000,0.0,0.14364014364014363,,6613.75,6604.25,<500,0.0
2025-09-17,RTH,Sell,300,0,1,11:08:26.425000,1.0,0.9736369083283403,0.0,6676.0,6611.0,<500,1.0
2025-09-17,RTH,Buy,300,0,1,12:03:02.553000,1.0,1.5365542114358703,1.0,6654.5,6718.0,<500,0.0
2025-09-17,RTH,Buy,295,0,1,12:03:52.293000,1.0,1.5556307067974298,1.0,6653.25,6718.0,<500,0.0
2025-09-17,RTH,Buy,552,1,1,12:22:18.532000,1.0,1.3765941485371342,1.0,6665.0,6718.0,500-1000,0.0
2025-09-17,RTH,Sell,300,0,1,12:24:55.132000,1.0,0.8845577211394303,0.0,6670.0,6611.0,<500,1.0
2025-09-18,AH,Sell,2000,1,1,13:59:44.944000,0.0,0.16794804807046354,,6698.5,6687.25,1000-2000,0.0
2025-09-18,AH,Sell,1883,1,1,13:57:39.675000,0.0,0.1828494663780879,,6699.5,6687.25,1000-2000,0.0
2025-09-18,FirstHour,Buy,971,1,1,06:48:01.396000,1.0,1.2247191011235956,1.0,6675.0,6731.5,500-1000,0.0
2025-09-18,RTH,Sell,350,0,1,12:52:21.269000,0.0,0.09337416896989617,,6693.5,6687.25,<500,0.0
2025-09-19,FirstHour,Buy,1000,1,1,06:47:23.778000,1.0,0.8169203222918533,3.0,6702.0,6756.75,500-1000,0.0
2025-09-19,PM,Buy,944,1,2,06:26:51.665000,0.0,0.6967213114754098,,6710.0,6756.75,500-1000,0.0
2025-09-19,RTH,Buy,332,0,1,08:10:07.469000,1.0,0.9147935180345007,3.0,6695.5,6756.75,<500,0.0
2025-09-22,AH,Sell,590,1,1,13:07:03.002000,1.0,1.8484219884427322,2.0,6749.0,6678.0,500-1000,0.0
2025-09-22,RTH,Buy,397,0,1,11:44:14.061000,0.0,0.0851725670271071,,6751.0,6756.75,<500,0.0
2025-09-22,RTH,Buy,1801,1,1,12:54:41.575000,0.0,0.025906735751295335,,6755.0,6756.75,1000-2000,0.0
2025-09-22,RTH,Buy,412,0,1,12:54:41.576000,0.0,0.025906735751295335,,6755.0,6756.75,<500,0.0
2025-09-23,AH,Sell,996,1,1,00:46:58.253000,1.0,1.8774996296844912,1.0,6751.0,6678.0,500-1000,0.0
2025-09-23,AH,Sell,868,1,1,00:52:20.634000,1.0,1.8484219884427322,1.0,6749.0,6678.0,500-1000,0.0
2025-09-23,AH,Sell,289,0,1,13:08:24.140000,1.0,1.380824772964121,2.0,6717.0,6624.25,<500,0.0
2025-09-23,AH,Sell,465,0,1,13:59:54.651000,1.0,1.3698120230783548,2.0,6716.25,6624.25,<500,0.0
2025-09-23,AH,Sell,947,1,1,13:59:29.962000,1.0,1.3698120230783548,2.0,6716.25,6624.25,500-1000,0.0
2025-09-23,RTH,Buy,610,1,1,09:49:00.773000,0.0,0.22997032640949558,,6740.0,6755.5,500-1000,0.0
2025-09-23,RTH,Buy,1000,1,1,09:47:32.006000,0.0,0.22997032640949558,,6740.0,6755.5,500-1000,0.0
2025-09-23,RTH,Buy,1000,1,1,10:24:02.756000,0.0,0.3639875204278711,,6731.0,6755.5,500-1000,0.0
2025-09-23,RTH,Buy,1000,1,1,10:58:14.031000,0.0,0.6031273268801192,,6715.0,6755.5,500-1000,0.0
2025-09-23,RTH,Buy,301,0,1,12:53:19.157000,0.0,0.5881477069684335,,6716.0,6755.5,<500,0.0
2025-09-23,RTH,Buy,543,1,1,12:53:19.157000,0.0,0.5881477069684335,,6716.0,6755.5,500-1000,0.0
2025-09-23,RTH,Sell,1447,1,1,12:59:09.748000,1.0,1.322061671383882,2.0,6713.0,6624.25,1000-2000,0.0
2025-09-23,RTH,Sell,556,1,1,12:57:31.360000,1.0,1.3441060391689625,2.0,6714.5,6624.25,500-1000,0.0
2025-09-23,RTH,Buy,663,1,1,12:52:28.570000,0.0,0.5881477069684335,,6716.0,6755.5,500-1000,0.0
2025-09-23,RTH,Buy,1333,1,1,12:52:28.570000,0.0,0.5881477069684335,,6716.0,6755.5,1000-2000,0.0
2025-09-24,AH,Sell,2841,1,1,13:58:41.653000,1.0,1.0789218248338683,1.0,6696.5,6624.25,>2000,0.0
2025-09-24,AH,Sell,453,0,1,13:58:04.938000,1.0,1.093691675998507,1.0,6697.5,6624.25,<500,0.0
2025-09-24,AH,Sell,2392,1,1,13:58:04.938000,1.0,1.086307301776915,1.0,6697.0,6624.25,>2000,0.0
2025-09-24,AH,Sell,607,1,1,13:58:04.951000,1.0,1.086307301776915,1.0,6697.0,6624.25,500-1000,0.0
2025-09-24,RTH,Buy,1000,1,1,09:08:09.840000,0.0,0.6918474195961106,,6685.0,6731.25,500-1000,0.0
2025-09-24,RTH,Buy,483,0,1,09:02:54.783000,0.0,0.6918474195961106,,6685.0,6731.25,<500,0.0
2025-09-24,RTH,Sell,300,0,1,09:43:08.532000,1.0,0.9976087281422806,1.0,6691.0,6624.25,<500,0.0
2025-09-24,RTH,Buy,735,1,1,12:59:26.593000,0.0,0.5414488424197162,,6695.0,6731.25,500-1000,0.0
2025-09-25,AH,Sell,1000,1,1,13:58:40.588000,0.0,0.5666466526568598,,6662.0,6624.25,500-1000,0.0
2025-09-25,RTH,Buy,714,1,1,12:50:31.641000,1.0,1.3298271975957925,4.0,6655.0,6731.25,500-1000,0.0
2025-09-26,AH,Sell,2749,1,1,13:41:23.335000,0.0,0.6602999328508542,,6701.5,6657.25,>2000,0.0
2025-09-26,AH,Sell,1000,1,1,13:46:33.387000,0.0,0.6343520280607485,,6699.75,6657.25,500-1000,0.0
2025-09-26,AH,Sell,336,0,1,13:41:53.487000,0.0,0.6528876287121326,,6701.0,6657.25,<500,0.0
2025-09-26,FirstHour,Sell,391,0,1,06:45:42.613000,0.0,0.4560577174685059,,6687.75,6657.25,<500,0.0
2025-09-26,RTH,Buy,351,0,1,07:36:06.427000,1.0,1.606003752345216,3.0,6662.5,6731.25,<500,0.0
2025-09-26,RTH,Buy,1000,1,1,08:54:37.264000,1.0,1.4917541229385307,3.0,6670.0,6731.25,500-1000,0.0
2025-09-29,AH,Buy,358,0,1,13:56:09.414000,1.0,0.9466308884913536,2.0,6708.0,6769.5,<500,0.0
2025-09-29,AH,Buy,443,0,1,13:53:48.525000,1.0,0.9579186700957918,2.0,6707.25,6769.5,<500,0.0
2025-09-30,AH,Buy,329,0,1,13:00:08.161000,1.0,0.9313889198114957,3.0,6737.25,6800.0,<500,0.0
2025-09-30,RTH,Sell,300,0,1,12:57:04.303000,0.0,0.6973293768545994,,6740.0,6693.0,<500,0.0
2025-09-30,RTH,Buy,1000,1,1,12:50:45.805000,1.0,0.9651076466221231,3.0,6735.0,6800.0,500-1000,0.0
2025-10-01,PM,Buy,385,0,1,05:06:50.489000,1.0,1.326180897034719,0.0,6711.0,6769.5,<500,1.0
2025-10-02,PM,Buy,400,0,1,03:01:31.955000,0.0,0.36900369003690037,,6775.0,6800.0,<500,0.0
2025-10-03,RTH,Buy,336,0,1,12:59:46.011000,0.0,0.6914657595030321,,6761.0,6807.75,<500,0.0
2025-10-03,RTH,Buy,373,0,1,12:59:51.696000,0.0,0.6430868167202572,,6764.25,6807.75,<500,0.0
2025-10-06,AH,Sell,1984,1,1,13:57:34.261000,0.0,0.6442350169341776,,6791.0,6747.25,1000-2000,0.0
2025-10-06,AH,Sell,500,1,1,13:57:34.261000,0.0,0.6369192253884103,,6790.5,6747.25,<500,0.0
2025-10-06,AH,Sell,2000,1,1,13:59:59.426000,0.0,0.6296023564064801,,6790.0,6747.25,1000-2000,0.0
2025-10-06,AH,Sell,1000,1,1,13:59:16.344000,0.0,0.6296023564064801,,6790.0,6747.25,500-1000,0.0
2025-10-06,AH,Sell,1411,1,1,13:58:32.264000,0.0,0.6296023564064801,,6790.0,6747.25,1000-2000,0.0
2025-10-06,FirstHour,Buy,500,1,1,06:30:57.225000,0.0,0.3352984524686809,,6785.0,6807.75,<500,0.0
2025-10-06,PM,Buy,696,0,2,05:44:48.413000,0.0,0.3352984524686809,,6785.0,6807.75,500-1000,0.0
2025-10-06,RTH,Sell,317,0,1,10:44:55.454000,0.0,0.6552066845805573,,6791.75,6747.25,<500,0.0
2025-10-06,RTH,Sell,350,0,1,12:39:01.852000,0.0,0.6259435178025701,,6789.75,6747.25,<500,0.0
2025-10-06,RTH,Buy,837,1,1,12:44:33.902000,0.0,0.26141384388807065,,6790.0,6807.75,500-1000,0.0
2025-10-06,RTH,Sell,500,1,1,12:54:11.715000,0.0,0.6478925087428676,,6791.25,6747.25,<500,0.0
2025-10-07,AH,Sell,2951,1,1,13:55:55.680000,1.0,3.3436784157245256,3.0,6766.5,6540.25,>2000,0.0
2025-10-07,AH,Sell,2793,1,1,13:59:12.159000,1.0,3.322246858832225,3.0,6765.0,6540.25,>2000,0.0
2025-10-07,RTH,Sell,300,0,1,09:31:36.311000,1.0,3.2006216236216973,3.0,6756.5,6540.25,<500,0.0
2025-10-08,AH,Sell,497,0,1,13:49:37.329000,1.0,3.890521675238795,2.0,6805.0,6540.25,<500,0.0
2025-10-08,AH,Sell,1000,1,1,13:58:37.107000,1.0,3.8622666470674702,2.0,6803.0,6540.25,500-1000,0.0
2025-10-08,AH,Sell,1500,1,1,13:55:31.493000,1.0,3.86933196149041,2.0,6803.5,6540.25,1000-2000,0.0
2025-10-08,RTH,Sell,350,0,1,12:52:33.793000,1.0,3.8375298658334867,2.0,6801.25,6540.25,<500,0.0
2025-10-09,RTH,Sell,350,0,1,12:59:51.388000,1.0,3.514789407686066,1.0,6778.5,6540.25,<500,0.0
2025-10-09,RTH,Sell,350,0,1,12:59:46.999000,1.0,3.5112307749050267,1.0,6778.25,6540.25,<500,0.0
2025-10-10,AH,Sell,307,0,1,13:03:11.616000,1.0,0.9090564751335177,0.0,6600.25,6540.25,<500,1.0
2025-10-10,AH,Buy,700,1,1,13:02:26.001000,1.0,3.1239337301436856,0.0,6594.25,6800.25,500-1000,1.0
2025-10-10,RTH,Buy,328,0,1,08:01:23.393000,1.0,1.0475872060626323,0.0,6729.75,6800.25,<500,1.0
2025-10-10,RTH,Sell,363,0,1,08:38:38.289000,1.0,1.9452773613193401,0.0,6670.0,6540.25,<500,1.0
2025-10-10,RTH,Sell,334,0,1,08:35:39.538000,1.0,2.0664096132968965,0.0,6678.25,6540.25,<500,1.0
2025-10-10,RTH,Sell,500,1,1,08:41:08.533000,1.0,1.7980480480480483,0.0,6660.0,6540.25,<500,1.0
2025-10-10,RTH,Buy,348,0,1,08:45:05.791000,1.0,1.5341545352743562,0.0,6697.5,6800.25,<500,1.0
2025-10-10,RTH,Sell,405,0,1,09:03:04.429000,1.0,1.9452773613193401,0.0,6670.0,6540.25,<500,1.0
2025-10-10,RTH,Sell,438,0,1,09:04:33.020000,1.0,1.9452773613193401,0.0,6670.0,6540.25,<500,1.0
2025-10-10,RTH,Buy,310,0,1,09:29:44.589000,1.0,1.8001497005988025,0.0,6680.0,6800.25,<500,1.0
2025-10-10,RTH,Sell,384,0,1,09:31:28.867000,1.0,2.201869158878505,0.0,6687.5,6540.25,<500,1.0
2025-10-10,RTH,Buy,672,1,1,09:30:12.197000,1.0,1.7392280071813284,0.0,6684.0,6800.25,500-1000,1.0
2025-10-10,RTH,Sell,447,0,1,09:45:02.626000,1.0,1.9452773613193401,0.0,6670.0,6540.25,<500,1.0
2025-10-10,RTH,Buy,300,0,1,09:50:47.601000,1.0,2.11735555805834,0.0,6659.25,6800.25,<500,1.0
2025-10-10,RTH,Buy,350,0,1,10:50:32.946000,1.0,2.105855855855856,0.0,6660.0,6800.25,<500,1.0
2025-10-10,RTH,Buy,340,0,1,11:02:43.382000,1.0,2.1825694966190836,0.0,6655.0,6800.25,<500,1.0
2025-10-10,RTH,Buy,347,0,1,11:20:44.590000,1.0,2.105855855855856,0.0,6660.0,6800.25,<500,1.0
2025-10-10,RTH,Buy,321,0,1,12:03:52.855000,1.0,2.413403614457831,0.0,6640.0,6800.25,<500,1.0
2025-10-10,RTH,Sell,362,0,1,12:05:47.771000,1.0,1.5022590361445785,0.0,6640.0,6540.25,<500,1.0
2025-10-13,RTH,Buy,750,1,1,09:24:15.093000,1.0,0.9247175509899699,2.0,6704.75,6766.75,500-1000,0.0
2025-10-14,FirstHour,Sell,400,0,1,06:43:19.927000,0.0,-0.37867312935474096,,6602.0,6627.0,<500,0.0
2025-10-14,RTH,Sell,500,1,1,07:55:37.115000,0.0,0.4656052868729348,,6658.0,6627.0,<500,0.0
2025-10-14,RTH,Buy,318,0,1,09:37:31.295000,1.0,0.8758199165175908,1.0,6708.0,6766.75,<500,0.0
2025-10-14,RTH,Buy,900,1,1,09:47:14.429000,1.0,0.7744145351651216,1.0,6714.75,6766.75,500-1000,0.0
2025-10-14,RTH,Sell,418,0,1,12:37:04.001000,1.0,1.1633109619686801,0.0,6705.0,6627.0,<500,1.0
2025-10-15,RTH,Buy,500,1,1,12:09:42.336000,1.0,1.0427528675703857,0.0,6713.0,6766.75,<500,1.0
2025-10-15,RTH,Sell,380,0,1,12:51:51.825000,1.0,1.0444643390032826,0.0,6702.0,6651.5,<500,1.0
2025-10-16,RTH,Buy,500,1,1,08:05:14.621000,1.0,0.7680320569902048,5.0,6738.0,6789.75,<500,0.0
2025-10-16,RTH,Buy,420,0,1,08:22:28.419000,0.0,0.7381305637982196,,6740.0,6789.75,<500,0.0
2025-10-16,RTH,Buy,850,1,1,09:06:37.862000,1.0,1.1433040369432446,4.0,6713.0,6783.0,500-1000,0.0
2025-10-17,FirstHour,Buy,2556,4,4,06:51:12.243000,1.0,1.8258848230353928,3.0,6668.0,6783.0,>2000,0.0
2025-10-17,PM,Sell,1100,2,2,02:41:14.349000,0.0,-0.6746513038204973,,6596.0,6640.5,1000-2000,0.0
2025-10-17,RTH,Buy,1000,1,1,08:03:30.944000,1.0,1.749587891503072,3.0,6673.0,6783.0,500-1000,0.0
2025-10-17,RTH,Buy,1000,1,1,08:02:51.175000,1.0,1.841157942102895,0.0,6667.0,6718.0,500-1000,1.0
2025-10-17,RTH,Buy,995,1,1,08:17:15.926000,1.0,1.9635080342393751,0.0,6659.0,6718.0,500-1000,1.0
2025-10-17,RTH,Buy,558,1,1,08:52:21.756000,1.0,1.7800929395892668,3.0,6671.0,6783.0,500-1000,0.0
2025-10-17,RTH,Buy,713,1,1,08:54:07.615000,1.0,1.7191011235955056,3.0,6675.0,6783.0,500-1000,0.0
2025-10-17,RTH,Buy,865,1,1,10:22:44.706000,1.0,1.7381532122120247,3.0,6673.75,6783.0,500-1000,0.0
2025-10-17,RTH,Buy,500,1,1,10:32:02.902000,1.0,1.7038645895745954,3.0,6676.0,6783.0,<500,0.0
2025-10-17,RTH,Buy,661,1,1,12:50:53.546000,1.0,1.2639821029082774,3.0,6705.0,6783.0,500-1000,0.0
2025-10-20,AH,Sell,485,0,1,13:59:33.592000,1.0,1.3163716814159292,2.0,6780.0,6690.75,<500,0.0
2025-10-20,AH,Sell,500,1,1,13:59:47.530000,1.0,1.3200103241030936,2.0,6780.25,6690.75,<500,0.0
2025-10-20,AH,Buy,296,0,1,16:10:32.012000,0.0,0.11427307578885285,,6782.0,6789.75,<500,0.0
2025-10-20,FirstHour,Buy,500,1,1,07:03:14.567000,0.0,0.5888888888888889,,6750.0,6789.75,<500,0.0
2025-10-20,RTH,Sell,300,0,1,12:51:15.215000,1.0,1.2908936672444953,2.0,6778.25,6690.75,<500,0.0
2025-10-21,FirstHour,Buy,600,1,1,07:03:03.683000,1.0,1.1719905353445728,3.0,6762.0,6841.25,500-1000,0.0
2025-10-21,RTH,Buy,289,0,1,12:59:58.730000,1.0,1.0225930301240402,3.0,6772.0,6841.25,<500,0.0
2025-10-22,AH,Sell,1547,1,1,13:59:41.825000,0.0,0.6865073474840434,,6737.0,6690.75,1000-2000,0.0
2025-10-22,AH,Sell,400,0,1,20:25:48.746000,1.0,0.8190038541357842,0.0,6746.0,6690.75,<500,1.0
2025-10-22,AH,Sell,375,0,1,20:42:31.280000,1.0,0.7748776508972268,0.0,6743.0,6690.75,<500,1.0
2025-10-22,AH,Sell,650,1,1,22:21:53.550000,0.0,0.7086146768568673,,6738.5,6690.75,500-1000,0.0
2025-10-22,FirstHour,Sell,3397,4,4,07:29:18.730000,1.0,0.9218125277654375,0.0,6753.0,6690.75,>2000,1.0
2025-10-22,RTH,Sell,996,1,1,07:31:07.438000,1.0,0.8630908282708549,0.0,6749.0,6690.75,500-1000,1.0
2025-10-22,RTH,Sell,500,1,1,07:46:07.214000,1.0,0.7601601898546425,0.0,6742.0,6690.75,<500,1.0
2025-10-22,RTH,Sell,552,1,1,07:43:39.280000,1.0,0.804299481097109,0.0,6745.0,6690.75,500-1000,1.0
2025-10-22,RTH,Sell,1000,1,1,08:08:01.904000,1.0,0.9804647032706824,0.0,6757.0,6690.75,500-1000,1.0
2025-10-22,RTH,Sell,480,0,1,08:23:05.236000,0.0,0.7012466607301869,,6738.0,6690.75,<500,0.0
2025-10-22,RTH,Sell,300,0,1,08:21:01.647000,1.0,0.8777777777777779,0.0,6750.0,6690.75,<500,1.0
2025-10-22,RTH,Sell,664,1,1,09:00:53.390000,1.0,0.8190038541357842,0.0,6746.0,6690.75,500-1000,1.0
2025-10-22,RTH,Sell,329,0,1,09:00:53.391000,1.0,0.8190038541357842,0.0,6746.0,6690.75,<500,1.0
2025-10-22,RTH,Buy,332,0,1,09:34:28.520000,1.0,2.9203869047619047,0.0,6720.0,6775.25,<500,1.0
2025-10-22,RTH,Buy,733,1,1,09:56:25.434000,1.0,2.6911655530809204,1.0,6735.0,6785.75,500-1000,0.0
2025-10-22,RTH,Sell,327,0,1,10:19:22.188000,0.0,0.38709197156362823,,6716.75,6690.75,<500,0.0
2025-10-23,FirstHour,Buy,1927,2,4,06:49:17.433000,1.0,2.740587321547452,1.0,6759.5,6841.25,1000-2000,0.0
2025-10-23,RTH,Buy,400,0,1,07:30:17.719000,1.0,2.8775646248426043,1.0,6750.5,6841.25,<500,0.0
2025-10-23,RTH,Buy,800,1,1,08:56:44.278000,1.0,2.6570583887657055,1.0,6765.0,6841.25,500-1000,0.0
2025-10-23,RTH,Sell,300,0,1,12:54:50.420000,0.0,0.5313653136531366,,6775.0,6739.0,<500,0.0
2025-10-24,AH,Sell,297,0,1,13:13:26.964000,0.0,0.14285714285714285,,6825.0,6815.25,<500,0.0
2025-10-24,FirstHour,Buy,1960,1,3,06:36:48.429000,1.0,1.786237188872621,3.0,6830.0,6916.25,1000-2000,0.0
2025-10-24,PM,Buy,950,1,2,04:55:36.661000,1.0,2.2390529063568514,3.0,6799.75,6916.25,500-1000,0.0
2025-10-24,RTH,Sell,730,1,1,12:59:15.742000,0.0,0.14285714285714285,,6825.0,6815.25,500-1000,0.0
2025-10-24,RTH,Sell,368,0,1,12:55:37.353000,0.0,0.21595900439238652,,6830.0,6815.25,<500,0.0
2025-10-24,RTH,Sell,300,0,1,12:52:28.881000,0.0,0.24516978922716628,,6832.0,6815.25,<500,0.0
2025-10-24,RTH,Sell,300,0,1,12:50:22.233000,0.0,0.230566534914361,,6831.0,6815.25,<500,0.0
2025-10-27,AH,Sell,462,0,1,13:09:06.100000,1.0,0.81795150199059,3.0,6907.5,6851.0,<500,0.0
2025-10-27,AH,Sell,354,0,1,13:09:05.044000,1.0,0.81795150199059,3.0,6907.5,6851.0,<500,0.0
2025-10-27,AH,Sell,477,0,1,13:09:07.551000,1.0,0.81795150199059,3.0,6907.5,6851.0,<500,0.0
2025-10-27,AH,Sell,587,1,1,13:09:07.551000,1.0,0.81795150199059,3.0,6907.5,6851.0,500-1000,0.0
2025-10-27,AH,Sell,2864,1,1,13:56:28.133000,1.0,0.9255242227042662,3.0,6915.0,6851.0,>2000,0.0
2025-10-27,AH,Sell,1000,1,1,13:55:39.207000,1.0,0.9326874412551515,3.0,6915.5,6851.0,500-1000,0.0
2025-10-27,RTH,Buy,440,0,1,07:55:48.387000,1.0,0.9731299927378358,1.0,6885.0,6944.75,<500,0.0
2025-10-27,RTH,Buy,345,0,1,07:55:56.077000,1.0,0.9731299927378358,1.0,6885.0,6944.75,<500,0.0
2025-10-27,RTH,Buy,392,0,1,07:55:54.826000,1.0,0.9731299927378358,1.0,6885.0,6944.75,<500,0.0
2025-10-27,RTH,Buy,501,1,1,07:55:22.045000,1.0,0.9731299927378358,1.0,6885.0,6944.75,500-1000,0.0
2025-10-27,RTH,Buy,315,0,1,12:48:51.389000,0.0,0.6515129578688287,,6907.0,6952.0,<500,0.0
2025-10-27,RTH,Buy,382,0,1,12:50:40.037000,0.0,0.6369426751592357,,6908.0,6952.0,<500,0.0
2025-10-27,RTH,Buy,496,0,1,12:58:25.431000,0.0,0.6150951588392792,,6909.5,6952.0,<500,0.0
2025-10-28,AH,Sell,740,1,1,13:00:14.220000,1.0,1.1768953068592058,2.0,6925.0,6851.0,500-1000,0.0
2025-10-28,RTH,Buy,298,0,1,11:19:07.523000,0.0,0.2017872585759585,,6938.0,6952.0,<500,0.0
2025-10-29,RTH,Buy,683,1,1,09:31:06.022000,0.0,0.1656941142568979,,6940.5,6952.0,500-1000,0.0
2025-10-29,RTH,Buy,1000,1,1,11:04:33.028000,0.0,0.24513338139870222,,6935.0,6952.0,500-1000,0.0
2025-10-29,RTH,Buy,433,0,1,11:46:01.495000,1.0,0.826686004350979,0.0,6895.0,6952.0,<500,1.0
2025-10-29,RTH,Sell,305,0,1,11:45:30.404000,1.0,0.8260270994855444,2.0,6900.5,6843.5,<500,0.0
2025-10-29,RTH,Buy,500,1,1,11:51:38.805000,0.0,0.6078147612156295,,6910.0,6952.0,<500,0.0
2025-10-29,RTH,Buy,492,0,1,11:52:32.894000,0.0,0.6078147612156295,,6910.0,6952.0,<500,0.0
2025-10-29,RTH,Buy,492,0,1,12:25:28.043000,0.0,0.4987350921575714,,6917.5,6952.0,<500,0.0
2025-10-30,AH,Buy,857,1,1,13:09:34.216000,0.0,0.6368267831149927,,6870.0,6913.75,500-1000,0.0
2025-10-30,AH,Sell,317,0,1,13:30:08.798000,1.0,1.0233066278222869,5.0,6865.0,6794.75,<500,0.0
2025-10-30,AH,Sell,500,1,1,13:30:00.017000,1.0,1.1672727272727272,5.0,6875.0,6794.75,<500,0.0
2025-10-30,AH,Sell,2993,1,1,13:55:56.230000,1.0,1.3967493832535192,5.0,6891.0,6794.75,>2000,0.0
2025-10-30,AH,Sell,1475,1,1,13:58:33.069000,1.0,1.4253590599158565,5.0,6893.0,6794.75,1000-2000,0.0
2025-10-30,FirstHour,Sell,2600,4,4,07:24:01.470000,1.0,1.3538037166085946,5.0,6888.0,6794.75,>2000,0.0
2025-10-30,PM,Buy,416,0,1,05:15:55.788000,0.0,0.08323682686740011,,6908.0,6913.75,<500,0.0
2025-10-30,RTH,Buy,338,0,1,07:35:16.847000,0.0,0.19927536231884058,,6900.0,6913.75,<500,0.0
2025-10-30,RTH,Buy,292,0,1,08:10:39.249000,0.0,0.11946998769097096,,6905.5,6913.75,<500,0.0
2025-10-30,RTH,Buy,914,1,1,08:23:56.212000,0.0,0.12671976828385229,,6905.0,6913.75,500-1000,0.0
2025-10-30,RTH,Buy,657,1,1,09:37:24.686000,0.0,0.3155832849680789,,6892.0,6913.75,500-1000,0.0
2025-10-30,RTH,Sell,399,0,1,10:12:39.536000,1.0,1.3108206245461147,5.0,6885.0,6794.75,<500,0.0
2025-10-30,RTH,Buy,766,1,1,11:02:49.941000,0.0,0.27920806439915874,,6894.5,6913.75,500-1000,0.0
2025-10-30,RTH,Buy,309,0,1,11:30:19.955000,0.0,0.4102824776704669,,6885.5,6913.75,<500,0.0
2025-10-30,RTH,Buy,288,0,1,11:54:29.115000,0.0,0.44310463807067885,,6883.25,6913.75,<500,0.0
2025-10-30,RTH,Buy,357,0,1,12:01:51.666000,0.0,0.5746081390697166,,6874.25,6913.75,<500,0.0
2025-10-30,RTH,Buy,433,0,1,12:45:45.379000,1.0,0.7651666970304245,0.0,6861.25,6913.75,<500,1.0
2025-10-30,RTH,Sell,300,0,1,12:50:21.018000,1.0,0.9295035357585478,5.0,6858.5,6794.75,<500,0.0
2025-10-30,RTH,Buy,792,1,1,12:51:09.190000,1.0,0.7835276967930029,0.0,6860.0,6913.75,500-1000,1.0
2025-10-30,RTH,Sell,500,1,1,12:57:50.285000,1.0,0.8789204959883297,5.0,6855.0,6794.75,<500,0.0
2025-10-31,RTH,Sell,300,0,1,09:17:53.926000,1.0,0.9511661807580176,4.0,6860.0,6794.75,<500,0.0
2025-10-31,RTH,Sell,300,0,1,12:28:57.088000,1.0,1.4074799579207022,4.0,6891.75,6794.75,<500,0.0
2025-11-03,RTH,Buy,295,0,1,12:59:51.039000,0.0,0.14891762312944937,,6883.0,6893.25,<500,0.0
2025-11-04,AH,Buy,388,0,1,13:15:20.808000,1.0,0.8455571486342415,1.0,6800.25,6857.75,<500,0.0
2025-11-04,PM,Buy,346,0,1,03:33:20.708000,0.0,0.6272927366104182,,6815.0,6857.75,<500,0.0
2025-11-04,RTH,Buy,400,0,1,10:30:30.242000,1.0,0.7899764844209289,1.0,6804.0,6857.75,<500,0.0
2025-11-05,AH,Sell,1000,1,1,13:59:23.915000,1.0,2.5263620386643235,1.0,6828.0,6733.5,500-1000,0.0
2025-11-05,FirstHour,Buy,950,1,1,07:18:36.340000,0.0,0.6708211143695014,,6820.0,6865.75,500-1000,0.0
2025-11-05,RTH,Buy,717,1,1,07:59:08.496000,0.0,0.5970695970695971,,6825.0,6865.75,500-1000,0.0
2025-11-05,RTH,Sell,300,0,1,12:44:14.693000,1.0,2.718702039026529,1.0,6841.5,6733.5,<500,0.0
2025-11-05,RTH,Sell,323,0,1,12:59:58.012000,1.0,2.4763718953769507,1.0,6824.5,6733.5,<500,0.0
2025-11-06,AH,Sell,400,0,1,18:22:07.150000,1.0,1.3378794055516436,1.0,6745.75,6655.5,<500,0.0
2025-11-06,AH,Sell,325,0,1,19:09:58.290000,1.0,1.4000000000000001,1.0,6750.0,6655.5,<500,0.0
2025-11-06,FirstHour,Sell,2276,2,3,06:59:44.306000,1.0,1.9808541973490426,0.0,6790.0,6733.5,>2000,1.0
2025-11-06,PM,Sell,900,1,1,06:08:40.087000,1.0,2.4120234604105573,0.0,6820.0,6733.5,500-1000,1.0
2025-11-06,RTH,Sell,500,1,1,07:32:54.417000,1.0,1.9230769230769231,0.0,6786.0,6733.5,<500,1.0
2025-11-06,RTH,Buy,325,0,1,08:24:54.342000,1.0,1.9070542492131086,4.0,6751.25,6865.75,<500,0.0
2025-11-06,RTH,Sell,300,0,1,12:01:17.132000,1.0,1.7493356953055803,1.0,6774.0,6655.5,<500,0.0
2025-11-06,RTH,Sell,400,0,1,12:12:53.227000,1.0,1.7783353010625738,1.0,6776.0,6655.5,<500,0.0
2025-11-07,RTH,Buy,654,1,1,12:57:38.131000,1.0,2.015038708004593,3.0,6749.25,6865.75,500-1000,0.0
2025-11-07,RTH,Buy,296,0,1,12:55:28.320000,1.0,2.041496850685439,3.0,6747.5,6865.75,<500,0.0
2025-11-07,RTH,Sell,748,1,1,09:28:18.888000,0.0,0.3667664670658683,,6680.0,6655.5,500-1000,0.0
2025-11-09,AH,Buy,500,1,1,16:21:00.231000,1.0,1.4812631268653966,1.0,6784.75,6865.75,<500,0.0
2025-11-10,AH,Sell,340,0,1,13:50:33.580000,1.0,1.661807580174927,0.0,6860.0,6792.75,<500,1.0
2025-11-10,AH,Sell,972,1,1,13:50:27.092000,1.0,1.6725576649783187,0.0,6860.75,6792.75,500-1000,1.0
2025-11-10,FirstHour,Buy,986,1,1,06:48:13.450000,1.0,0.7646714473876774,2.0,6833.0,6885.25,500-1000,0.0
2025-11-10,PM,Buy,495,0,1,03:45:33.149000,1.0,1.0011735367463694,1.0,6817.0,6880.0,<500,0.0
2025-11-10,RTH,Sell,300,0,1,09:53:00.767000,1.0,1.302121433796635,3.0,6835.0,6746.0,<500,0.0
2025-11-10,RTH,Sell,300,0,1,10:07:27.413000,1.0,1.3454226381983034,3.0,6838.0,6746.0,<500,0.0
2025-11-10,RTH,Buy,526,1,1,12:50:07.202000,0.0,0.33882250072865056,,6862.0,6885.25,500-1000,0.0
2025-11-10,RTH,Sell,301,0,1,12:54:12.626000,1.0,1.7119545421432216,0.0,6863.5,6792.75,<500,1.0
2025-11-10,RTH,Sell,290,0,1,12:55:01.090000,1.0,1.7012130705620923,0.0,6862.75,6792.75,<500,1.0
2025-11-10,RTH,Buy,570,1,1,12:59:56.002000,0.0,0.42297174111212393,,6856.25,6885.25,500-1000,0.0
2025-11-11,AH,Sell,880,1,1,13:55:45.198000,1.0,2.44,2.0,6875.0,6746.0,500-1000,0.0
2025-11-11,AH,Sell,1000,1,1,13:59:33.745000,1.0,2.418709536626173,2.0,6873.5,6746.0,500-1000,0.0
2025-11-11,AH,Sell,809,1,1,13:55:46.265000,1.0,2.44,2.0,6875.0,6746.0,500-1000,0.0
2025-11-11,AH,Buy,347,0,1,16:26:03.227000,0.0,0.10540854899680141,,6878.0,6885.25,<500,0.0
2025-11-11,AH,Buy,300,0,1,16:50:27.706000,0.0,0.07994476543479051,,6879.75,6885.25,<500,0.0
2025-11-11,RTH,Buy,298,0,1,10:03:14.995000,0.0,0.29497450837581934,,6865.0,6885.25,<500,0.0
2025-11-11,RTH,Buy,458,0,1,10:19:09.447000,0.0,0.18552200800291016,,6872.5,6885.25,<500,0.0
2025-11-11,RTH,Sell,300,0,1,12:40:02.304000,1.0,2.368995633187773,2.0,6870.0,6746.0,<500,0.0
2025-11-11,RTH,Sell,300,0,1,12:53:55.464000,1.0,2.4790083966413436,2.0,6877.75,6746.0,<500,0.0
2025-11-12,AH,Buy,400,0,1,13:12:16.226000,0.0,0.07630813953488372,,6880.0,6885.25,<500,0.0
2025-11-12,AH,Buy,800,1,1,17:03:16.565000,0.0,0.19281140861466822,,6872.0,6885.25,500-1000,0.0
2025-11-12,AH,Buy,600,1,1,17:07:58.245000,0.0,0.04722464399883755,,6882.0,6885.25,500-1000,0.0
2025-11-12,AH,Buy,300,0,1,17:18:18.587000,0.0,-0.021780956183976477,,6886.75,6885.25,<500,0.0
2025-11-12,FirstHour,Buy,2423,1,2,06:53:54.556000,0.0,0.04722464399883755,,6882.0,6885.25,>2000,0.0
2025-11-12,RTH,Buy,963,1,1,10:10:00.603000,0.0,0.14909090909090908,,6875.0,6885.25,500-1000,0.0
2025-11-13,RTH,Sell,455,0,1,08:29:15.056000,1.0,3.0329767287967355,0.0,6800.25,6746.0,<500,1.0
2025-11-13,RTH,Buy,1383,1,1,09:16:11.516000,1.0,0.8910162002945508,0.0,6790.0,6850.5,1000-2000,1.0
2025-11-13,RTH,Buy,1000,1,1,09:33:39.863000,0.0,0.668626010286554,,6805.0,6850.5,500-1000,0.0
2025-11-14,AH,Sell,1500,1,1,13:58:56.820000,1.0,2.520511493828073,0.0,6764.5,6707.25,1000-2000,1.0
2025-11-14,FirstHour,Sell,623,0,2,07:09:04.490000,1.0,1.812902505304694,3.0,6715.75,6658.5,500-1000,0.0
2025-11-14,RTH,Sell,300,0,1,07:48:56.428000,1.0,2.4664423325814444,0.0,6760.75,6707.25,<500,1.0
2025-11-14,RTH,Sell,300,0,1,08:24:39.251000,1.0,2.6823598863594436,0.0,6775.75,6707.25,<500,1.0
2025-11-14,RTH,Sell,343,0,1,10:22:15.511000,1.0,2.5133057362507394,0.0,6764.0,6707.25,<500,1.0
2025-11-14,RTH,Sell,300,0,1,10:34:38.390000,1.0,2.5997045790251105,0.0,6770.0,6707.25,<500,1.0
2025-11-14,RTH,Sell,318,0,1,10:36:23.224000,1.0,2.54932387497229,0.0,6766.5,6707.25,<500,1.0
2025-11-14,RTH,Buy,500,1,1,11:01:34.653000,0.0,0.3766617429837518,,6770.0,6795.5,<500,0.0
2025-11-14,RTH,Sell,300,0,1,11:33:52.187000,1.0,2.671586715867159,0.0,6775.0,6707.25,<500,1.0
2025-11-14,RTH,Sell,300,0,1,12:09:34.037000,1.0,2.6859504132231407,0.0,6776.0,6707.25,<500,1.0
2025-11-14,RTH,Sell,300,0,1,12:18:09.495000,1.0,2.635658914728682,0.0,6772.5,6707.25,<500,1.0
2025-11-14,RTH,Sell,686,1,1,12:57:12.614000,1.0,2.354509107063527,3.0,6753.0,6658.5,500-1000,0.0
2025-11-14,RTH,Sell,300,0,1,12:51:16.134000,1.0,2.3761936486786586,3.0,6754.5,6658.5,<500,0.0
2025-11-17,AH,Sell,287,0,1,13:03:58.932000,1.0,2.1583271097834205,1.0,6695.0,6594.0,<500,0.0
2025-11-17,AH,Sell,1988,1,1,13:28:11.885000,1.0,2.1583271097834205,1.0,6695.0,6594.0,1000-2000,0.0
2025-11-17,RTH,Buy,884,1,1,09:23:35.365000,0.0,0.46227810650887574,,6760.0,6791.25,500-1000,0.0
2025-11-17,RTH,Sell,300,0,1,12:49:28.559000,1.0,1.9899753123363506,1.0,6683.5,6594.0,<500,0.0
2025-11-17,RTH,Sell,300,0,1,12:51:01.932000,1.0,2.085201793721973,1.0,6690.0,6594.0,<500,0.0
2025-11-17,RTH,Sell,300,0,1,12:57:01.884000,1.0,2.0669033825453185,1.0,6688.75,6594.0,<500,0.0
2025-11-18,RTH,Buy,500,1,1,08:26:20.278000,1.0,2.200902934537246,1.0,6645.0,6709.0,<500,0.0
2025-11-18,RTH,Sell,300,0,1,12:46:37.035000,1.0,1.669172932330827,0.0,6650.0,6594.0,<500,1.0
2025-11-18,RTH,Sell,500,1,1,12:59:09.310000,1.0,1.5062509414068384,2.0,6639.0,6550.5,<500,0.0
2025-11-19,AH,Buy,500,1,1,13:31:13.471000,1.0,1.5134529147982063,1.0,6690.0,6791.25,<500,0.0
2025-11-19,FirstHour,Buy,1631,1,4,07:13:23.602000,1.0,1.3316920322291852,1.0,6702.0,6791.25,1000-2000,0.0
2025-11-19,RTH,Sell,288,0,1,10:39:32.163000,1.0,1.7578125,1.0,6656.0,6550.5,<500,0.0
2025-11-19,RTH,Buy,750,1,1,10:38:14.165000,1.0,1.8942235558889722,1.0,6665.0,6791.25,500-1000,0.0
2025-11-20,FirstHour,Sell,1462,1,1,07:06:24.360000,1.0,3.48339483394834,0.0,6775.0,6550.5,1000-2000,1.0
2025-11-20,RTH,Buy,500,1,1,09:14:27.322000,1.0,2.450980392156863,0.0,6630.0,6791.25,<500,1.0
2025-11-20,RTH,Sell,500,1,1,09:13:42.838000,1.0,1.1489040060468632,0.0,6615.0,6550.5,<500,1.0
2025-11-20,RTH,Sell,500,1,1,09:16:06.036000,1.0,1.1489040060468632,0.0,6615.0,6550.5,<500,1.0
2025-11-20,RTH,Sell,421,0,1,09:21:01.255000,1.0,0.9992429977289932,0.0,6605.0,6550.5,<500,1.0
2025-11-20,RTH,Sell,389,0,1,09:22:48.560000,1.0,1.1787819253438114,0.0,6617.0,6550.5,<500,1.0
2025-11-20,RTH,Sell,500,1,1,09:37:09.963000,1.0,0.9242424242424243,0.0,6600.0,6550.5,<500,1.0
2025-11-20,RTH,Sell,1000,1,1,09:33:08.504000,1.0,1.0741301059001513,0.0,6610.0,6550.5,500-1000,1.0
2025-11-21,FirstHour,Sell,1786,1,5,06:43:33.141000,0.0,0.6231003039513677,,6580.0,6539.0,1000-2000,0.0
2025-11-21,PM,Sell,300,0,1,04:36:01.285000,0.0,0.502130249543518,,6572.0,6539.0,<500,0.0
2025-11-21,RTH,Sell,1000,1,1,07:40:30.523000,0.0,0.09167303284950344,,6545.0,6539.0,500-1000,0.0
2025-11-21,RTH,Sell,870,1,1,10:48:30.286000,1.0,1.805758906783797,0.0,6659.25,6539.0,500-1000,1.0
2025-11-21,RTH,Sell,500,1,1,12:56:15.011000,1.0,1.193714113025083,0.0,6618.0,6539.0,<500,1.0
2025-11-21,RTH,Sell,343,0,1,12:59:30.508000,1.0,1.186248583301851,0.0,6617.5,6539.0,<500,1.0
2025-11-24,FirstHour,Sell,500,1,1,07:24:26.029000,0.0,0.14595808383233533,,6680.0,6670.25,<500,0.0
2025-11-24,RTH,Buy,598,1,1,09:38:40.231000,1.0,2.2151898734177213,1.0,6715.0,6792.5,500-1000,0.0
2025-11-24,RTH,Buy,500,1,1,09:54:14.357000,1.0,2.063197026022305,1.0,6725.0,6792.5,<500,0.0
2025-11-24,RTH,Buy,1100,1,1,11:40:37.254000,1.0,2.1391369047619047,1.0,6720.0,6792.5,1000-2000,0.0
2025-11-24,RTH,Buy,694,1,1,11:40:35.008000,1.0,2.1391369047619047,1.0,6720.0,6792.5,500-1000,0.0
2025-11-24,RTH,Sell,337,0,1,12:59:58.011000,0.0,0.7403273809523809,,6720.0,6670.25,<500,0.0
2025-11-25,FirstHour,Buy,298,0,1,07:12:03.529000,1.0,2.3332960602333297,0.0,6707.25,6792.5,<500,1.0
2025-11-25,RTH,Buy,750,1,1,07:44:06.122000,1.0,2.002526378362312,0.0,6729.0,6792.5,500-1000,1.0
2025-11-25,RTH,Buy,500,1,1,07:45:24.757000,1.0,1.8662807954882756,0.0,6738.0,6792.5,<500,1.0
2025-11-26,FirstHour,Buy,1000,1,1,07:12:15.950000,1.0,0.78928046989721,2.0,6810.0,6863.75,500-1000,0.0
2025-11-26,RTH,Buy,1564,1,1,10:09:47.256000,0.0,0.49414348462664714,,6830.0,6863.75,1000-2000,0.0
2025-11-26,RTH,Buy,775,1,1,10:14:19.636000,0.0,0.3618950138909197,,6839.0,6863.75,500-1000,0.0
2025-12-01,RTH,Buy,800,1,1,08:42:24.743000,0.0,0.4163775156141568,,6844.75,6873.25,500-1000,0.0
2025-12-01,RTH,Buy,700,1,1,08:44:00.071000,0.0,0.36872079439252337,,6848.0,6873.25,500-1000,0.0
2025-12-03,AH,Sell,499,0,1,13:58:11.388000,0.0,0.4916420845624385,,6864.75,6831.0,<500,0.0
2025-12-03,AH,Sell,500,1,1,13:58:11.388000,0.0,0.4916420845624385,,6864.75,6831.0,<500,0.0
2025-12-03,AH,Sell,442,0,1,13:59:01.992000,0.0,0.4916420845624385,,6864.75,6831.0,<500,0.0
2025-12-04,RTH,Buy,780,1,1,07:44:54.203000,0.0,0.5826656955571741,,6865.0,6905.0,500-1000,0.0
2025-12-04,RTH,Sell,400,0,1,07:52:09.348000,0.0,0.28811086797957697,,6855.0,6835.25,<500,0.0
2025-12-05,FirstHour,Buy,309,0,1,06:51:52.536000,0.0,0.33405954974582425,,6885.0,6908.0,<500,0.0
2025-12-05,RTH,Sell,493,0,1,10:21:20.512000,0.0,0.665164291945333,,6878.0,6832.25,<500,0.0
2025-12-10,AH,Sell,1000,1,1,13:58:39.386000,1.0,1.2909776617348419,0.0,6894.0,6832.25,500-1000,1.0
2025-12-10,RTH,Buy,500,1,1,11:06:06.128000,1.0,1.0021865889212829,1.0,6860.0,6928.75,<500,0.0
2025-12-10,RTH,Buy,500,1,1,12:05:54.826000,0.0,0.4166666666666667,,6900.0,6928.75,<500,0.0
2025-12-10,RTH,Buy,500,1,1,12:20:07.498000,0.0,0.4166666666666667,,6900.0,6928.75,<500,0.0
2025-12-11,AH,Sell,2360,1,1,13:58:55.518000,1.0,2.350265352539803,0.0,6924.75,6838.0,>2000,1.0
2025-12-11,FirstHour,Buy,928,1,1,06:40:54.412000,1.0,0.8551673944687045,0.0,6870.0,6928.75,500-1000,1.0
2025-12-11,RTH,Sell,550,1,1,09:50:26.126000,1.0,1.857764876632801,0.0,6890.0,6838.0,500-1000,1.0
2025-12-11,RTH,Buy,427,0,1,12:08:17.588000,0.0,0.3439536567704562,,6905.0,6928.75,<500,0.0
2025-12-11,RTH,Sell,398,0,1,12:31:33.637000,1.0,2.0,0.0,6900.0,6838.0,<500,1.0
2025-12-12,AH,Sell,912,1,1,13:01:42.909000,1.0,1.3499670739738057,4.0,6833.5,6762.0,500-1000,0.0
2025-12-12,AH,Sell,599,1,1,13:02:35.325000,1.0,1.3174748398902103,4.0,6831.25,6762.0,500-1000,0.0
2025-12-12,AH,Sell,379,0,1,13:02:27.265000,1.0,1.3174748398902103,4.0,6831.25,6762.0,<500,0.0
2025-12-12,FirstHour,Sell,1423,1,2,07:28:29.028000,1.0,1.6737164527421238,4.0,6856.0,6762.0,1000-2000,0.0
2025-12-12,RTH,Sell,500,1,1,07:58:21.863000,1.0,1.328307962529274,4.0,6832.0,6762.0,<500,0.0
2025-12-12,RTH,Sell,500,1,1,08:10:05.040000,1.0,1.2017733484776316,4.0,6823.25,6762.0,<500,0.0
2025-12-12,RTH,Sell,490,0,1,09:30:18.312000,1.0,1.2632735261808863,4.0,6827.5,6762.0,<500,0.0
2025-12-12,RTH,Buy,639,1,1,09:41:25.492000,1.0,0.7531441942088329,0.0,6838.0,6889.5,500-1000,1.0
2025-12-12,RTH,Buy,683,1,1,09:50:47.187000,0.0,0.7236842105263158,,6840.0,6889.5,500-1000,0.0
2025-12-12,RTH,Sell,499,0,1,10:37:26.818000,1.0,1.512107819861938,4.0,6844.75,6762.0,<500,0.0
2025-12-12,RTH,Sell,500,1,1,11:01:16.102000,1.0,1.4004680415386865,4.0,6837.0,6762.0,<500,0.0
2025-12-15,PM,Sell,285,0,1,04:28:02.142000,1.0,2.56901286313051,0.0,6919.0,6806.25,<500,1.0
2025-12-16,FirstHour,Sell,2000,2,2,07:04:16.392000,1.0,1.8026219956300074,0.0,6865.0,6762.0,1000-2000,1.0
2025-12-16,PM,Buy,726,1,1,04:41:26.611000,0.0,0.23622619566797498,,6879.0,6895.25,500-1000,0.0
2025-12-16,RTH,Buy,461,0,1,08:18:50.919000,0.0,0.7341124908692477,,6845.0,6895.25,<500,0.0
2025-12-16,RTH,Sell,1000,1,1,08:15:01.030000,1.0,1.5157048940832725,0.0,6845.0,6762.0,500-1000,1.0
2025-12-16,RTH,Buy,875,1,1,08:49:23.260000,0.0,0.6973347937203359,,6847.5,6895.25,500-1000,0.0
2025-12-16,RTH,Buy,478,0,1,08:51:08.006000,0.0,0.6312025685931114,,6852.0,6895.25,<500,0.0
2025-12-16,RTH,Buy,397,0,1,08:51:07.945000,0.0,0.6312025685931114,,6852.0,6895.25,<500,0.0
2025-12-16,RTH,Buy,799,1,1,12:09:05.619000,0.0,0.587162654996353,,6855.0,6895.25,500-1000,0.0
2025-12-17,AH,Buy,392,0,1,13:01:00.112000,1.0,2.2291820191599117,0.0,6785.0,6862.25,<500,1.0
2025-12-17,AH,Buy,1226,1,1,13:03:14.102000,1.0,2.2291820191599117,0.0,6785.0,6862.25,1000-2000,1.0
2025-12-17,PM,Sell,494,0,1,05:23:37.941000,1.0,1.8455154338963307,0.0,6868.0,6741.25,<500,1.0
2025-12-17,RTH,Sell,500,1,1,07:46:59.189000,1.0,1.154692082111437,0.0,6820.0,6741.25,<500,1.0
2025-12-17,RTH,Buy,500,1,1,07:48:16.918000,1.0,1.6300366300366302,2.0,6825.0,6895.25,<500,0.0
2025-12-17,RTH,Sell,500,1,1,09:04:30.446000,1.0,0.7910228108903605,0.0,6795.0,6741.25,<500,1.0
2025-12-17,RTH,Buy,300,0,1,12:59:39.313000,1.0,2.274402831023297,0.0,6782.0,6862.25,<500,1.0
2025-12-18,RTH,Buy,600,1,1,07:37:23.163000,1.0,1.4532342657342658,4.0,6864.0,6936.25,500-1000,0.0
2025-12-18,RTH,Buy,800,1,1,07:39:00.913000,1.0,1.3793856456543894,4.0,6869.0,6936.25,500-1000,0.0
2025-12-18,RTH,Sell,400,0,1,09:15:46.460000,0.0,0.16488348233914701,,6823.0,6811.75,<500,0.0
2025-12-18,RTH,Sell,800,1,1,09:16:37.160000,0.0,0.12096774193548387,,6820.0,6811.75,500-1000,0.0
2025-12-18,RTH,Sell,900,1,1,09:25:31.503000,0.0,0.062353286384976524,,6816.0,6811.75,500-1000,0.0
2025-12-19,PM,Buy,1133,2,2,06:24:26.780000,1.0,2.0891161431701972,3.0,6845.0,6936.25,1000-2000,0.0
2025-12-19,RTH,Buy,696,1,1,08:10:09.018000,1.0,1.5550065397471298,3.0,6881.0,6936.25,500-1000,0.0
2025-12-19,RTH,Buy,500,1,1,08:10:07.497000,1.0,1.5550065397471298,3.0,6881.0,6936.25,<500,0.0
2025-12-19,RTH,Buy,500,1,1,08:10:07.498000,1.0,1.5550065397471298,3.0,6881.0,6936.25,<500,0.0
2025-12-19,RTH,Sell,297,0,1,12:59:58.711000,0.0,0.29765145740317256,,6887.25,6866.75,<500,0.0
2025-12-22,AH,Sell,375,0,1,15:52:10.212000,0.0,0.31384149200966777,,6930.25,6908.5,<500,0.0
2025-12-22,RTH,Buy,522,1,1,09:44:00.523000,1.0,0.836940836940837,2.0,6930.0,6988.0,500-1000,0.0
2025-12-22,RTH,Buy,656,1,1,09:43:20.796000,1.0,0.836940836940837,2.0,6930.0,6988.0,500-1000,0.0
2025-12-22,RTH,Sell,472,0,1,10:25:15.073000,0.0,0.2742692168892097,,6927.5,6908.5,<500,0.0
2025-12-22,RTH,Buy,879,1,1,10:54:16.247000,1.0,0.8878943189200895,2.0,6926.5,6988.0,500-1000,0.0
2025-12-23,RTH,Buy,500,1,1,12:59:37.936000,0.0,0.40229885057471265,,6960.0,6988.0,<500,0.0
2025-12-24,RTH,Sell,669,1,1,09:53:00.075000,0.0,0.6623939274589137,,6982.25,6936.0,500-1000,0.0
2025-12-26,RTH,Buy,600,1,1,10:47:46.898000,0.0,0.1576891373687417,,6975.75,6986.75,500-1000,0.0
2025-12-26,RTH,Buy,1493,1,1,12:02:23.031000,0.0,0.11822024790427742,,6978.5,6986.75,1000-2000,0.0
2025-12-29,AH,Sell,971,1,1,13:59:57.198000,1.0,1.2901602817508806,2.0,6956.5,6890.25,500-1000,0.0
2025-12-29,FirstHour,Buy,1520,1,1,06:37:12.871000,0.0,-0.03589375448671931,,6965.0,6962.5,1000-2000,0.0
2025-12-30,FirstHour,Buy,1934,2,3,06:48:13.388000,0.0,0.19064062443796986,,6950.25,6963.5,1000-2000,0.0
2025-12-30,RTH,Buy,460,0,1,12:59:36.797000,0.0,0.28803917332757256,,6943.5,6963.5,<500,0.0
2025-12-31,RTH,Sell,295,0,1,12:27:45.874000,0.0,0.48548965617187784,,6900.25,6866.75,<500,0.0
2025-12-31,RTH,Buy,1000,1,1,12:46:12.219000,1.0,1.2527154236060827,5.0,6905.0,6963.5,500-1000,0.0
2026-01-02,AH,Buy,375,0,1,00:13:45.587000,1.0,1.1476415605038073,4.0,6927.25,6991.5,<500,0.0
2026-01-02,AH,Buy,396,0,1,00:27:11.270000,1.0,1.122095540482032,4.0,6929.0,6991.5,<500,0.0
2026-01-02,AH,Buy,475,0,1,00:52:19.169000,1.0,1.096562421094398,4.0,6930.75,6991.5,<500,0.0
2026-01-02,AH,Buy,499,0,1,00:52:20.801000,1.0,1.0929158851536576,4.0,6931.0,6991.5,<500,0.0
2026-01-02,PM,Buy,400,0,1,06:24:22.030000,1.0,1.151292045618594,4.0,6927.0,6991.5,<500,0.0
2026-01-02,RTH,Sell,396,0,1,07:47:02.852000,0.0,0.6115212042263715,,6909.0,6866.75,<500,0.0
2026-01-02,RTH,Sell,417,0,1,08:05:34.026000,0.0,0.16356498982262285,,6878.0,6866.75,<500,0.0
2026-01-02,RTH,Sell,291,0,1,09:27:26.284000,0.0,0.32297866163448974,,6889.0,6866.75,<500,0.0
2026-01-02,RTH,Sell,440,0,1,10:08:52.430000,0.0,0.16356498982262285,,6878.0,6866.75,<500,0.0
2026-01-02,RTH,Buy,500,1,1,12:07:11.025000,1.0,1.517676035931614,3.0,6902.0,6963.5,<500,0.0
2026-01-02,RTH,Buy,500,1,1,12:10:30.734000,1.0,1.5029697233087063,3.0,6903.0,6963.5,<500,0.0
2026-01-02,RTH,Buy,494,0,1,12:23:22.960000,1.0,1.5103223469757334,3.0,6902.5,6963.5,<500,0.0
2026-01-02,RTH,Sell,589,1,1,12:40:39.039000,0.0,0.460244980792926,,6898.5,6866.75,500-1000,0.0
2026-01-02,RTH,Sell,1199,1,1,12:44:40.847000,0.0,0.42776871488127605,,6896.25,6866.75,1000-2000,0.0
2026-01-04,AH,Buy,500,1,1,17:02:44.047000,1.0,1.3708043981481481,2.0,6912.0,6991.5,<500,0.0
2026-01-05,AH,Buy,300,0,1,20:14:56.022000,1.0,0.7621786805680388,2.0,6953.75,7006.75,<500,0.0
2026-01-05,AH,Buy,467,0,1,20:30:55.862000,1.0,0.7513121000790854,2.0,6954.5,7006.75,<500,0.0
2026-01-05,AH,Buy,325,0,1,20:32:20.842000,0.0,0.7476904274057299,,6954.75,7006.75,<500,0.0
2026-01-05,AH,Buy,425,0,1,22:24:39.737000,0.0,0.7295859689476711,,6956.0,7006.75,<500,0.0
2026-01-05,RTH,Sell,357,0,1,11:39:33.167000,0.0,0.18710420264824412,,6948.0,6935.0,<500,0.0
2026-01-05,RTH,Sell,294,0,1,12:59:06.451000,0.0,0.15117702109279388,,6945.5,6935.0,<500,0.0
2026-01-05,RTH,Sell,1325,1,1,12:59:42.018000,0.0,0.11522396658504969,,6943.0,6935.0,1000-2000,0.0
2026-01-05,RTH,Sell,398,0,1,12:59:06.462000,0.0,0.14758288038587525,,6945.25,6935.0,<500,0.0
2026-01-05,RTH,Sell,287,0,1,12:59:57.008000,0.0,0.13679890560875513,,6944.5,6935.0,<500,0.0
2026-01-05,RTH,Sell,603,1,1,12:59:54.008000,0.0,0.12960829493087558,,6944.0,6935.0,500-1000,0.0
2026-01-06,AH,Sell,1000,1,1,13:59:57.653000,0.0,0.6367603920726909,,6988.5,6944.0,500-1000,0.0
2026-01-06,FirstHour,Buy,1500,2,2,06:44:14.467000,1.0,0.9712230215827338,1.0,6950.0,7006.75,1000-2000,0.0
2026-01-06,PM,Buy,1758,0,5,01:54:16.939000,1.0,1.0803024846957148,1.0,6942.5,7006.75,1000-2000,0.0
2026-01-06,RTH,Buy,290,0,1,10:43:15.345000,0.0,0.5300479908316024,,6980.5,7017.5,<500,0.0
2026-01-06,RTH,Sell,500,1,1,12:59:55.898000,0.0,0.61542865321311,,6987.0,6944.0,<500,0.0
2026-01-06,RTH,Sell,500,1,1,12:59:55.899000,0.0,0.61542865321311,,6987.0,6944.0,<500,0.0
2026-01-06,RTH,Sell,307,0,1,12:59:46.008000,0.0,0.6403147916294044,,6988.75,6944.0,<500,0.0
2026-01-06,RTH,Buy,1000,1,1,08:57:27.027000,1.0,0.8261494252873564,3.0,6960.0,7017.5,500-1000,0.0
2026-01-08,AH,Buy,376,0,1,00:35:02.400000,1.0,0.9846551910015452,1.0,6956.75,7017.5,<500,0.0
2026-01-08,AH,Sell,372,0,1,13:41:17.035000,0.0,0.437307333859058,,6974.5,6944.0,<500,0.0
2026-01-08,AH,Sell,960,1,1,13:44:05.307000,0.0,0.4729826573025656,,6977.0,6944.0,500-1000,0.0
2026-01-08,AH,Sell,990,1,1,13:55:08.847000,0.0,0.415889860892012,,6973.0,6944.0,500-1000,0.0
2026-01-08,PM,Buy,325,0,1,02:38:24.557000,1.0,1.0972801841991655,1.0,6949.0,7017.5,<500,0.0
2026-01-08,RTH,Sell,481,0,1,09:12:54.287000,0.0,0.22988505747126436,,6960.0,6944.0,<500,0.0
2026-01-08,RTH,Buy,859,1,1,10:30:42.811000,1.0,0.9447517781449817,1.0,6959.5,7017.5,500-1000,0.0
2026-01-08,RTH,Buy,950,1,1,12:23:07.376000,1.0,0.9810263044415697,1.0,6957.0,7017.5,500-1000,0.0
2026-01-09,FirstHour,Buy,1974,2,2,07:09:06.183000,1.0,0.9375,0.0,6960.0,7017.5,1000-2000,1.0
2026-01-11,AH,Sell,478,0,1,19:47:46.026000,0.0,0.6315260683914027,,6967.25,6923.25,<500,0.0
2026-01-11,AH,Sell,297,0,1,19:48:01.075000,0.0,0.5994256999282125,,6965.0,6923.25,<500,0.0
2026-01-12,AH,Sell,300,0,1,00:18:56.593000,0.0,0.5458789728856168,,6961.25,6923.25,<500,0.0
2026-01-12,AH,Sell,400,0,1,00:43:32.417000,0.0,0.38489208633093525,,6950.0,6923.25,<500,0.0
2026-01-12,AH,Sell,1574,1,1,13:20:50.197000,1.0,1.3079116179615111,2.0,7015.0,6923.25,1000-2000,0.0
2026-01-12,AH,Sell,427,0,1,13:53:45.597000,1.0,1.2445617288353183,2.0,7010.5,6923.25,<500,0.0
2026-01-12,PM,Sell,1050,1,2,01:24:55.220000,0.0,0.4278728606356968,,6953.0,6923.25,1000-2000,0.0
2026-01-13,RTH,Buy,500,1,1,09:47:50.761000,0.0,0.23210969861448363,,7001.0,7017.25,<500,0.0
2026-01-13,RTH,Sell,292,0,1,09:56:08.583000,1.0,1.0045041824551368,1.0,6993.5,6923.25,<500,0.0
2026-01-14,PM,Buy,288,0,1,06:18:24.324000,0.0,0.6093408365891251,,6974.75,7017.25,<500,0.0
2026-01-14,RTH,Sell,342,0,1,12:59:20.018000,1.0,2.042501256371599,6.0,6964.5,6822.25,<500,0.0
2026-01-15,AH,Sell,400,0,1,13:12:54.058000,1.0,2.3020191894601174,5.0,6983.0,6822.25,<500,0.0
2026-01-15,RTH,Sell,489,0,1,09:58:20.619000,1.0,2.608850820842256,5.0,7005.0,6822.25,<500,0.0
2026-01-15,RTH,Buy,896,1,1,12:55:13.777000,0.0,0.5336676217765043,,6980.0,7017.25,500-1000,0.0
2026-01-16,FirstHour,Sell,489,0,1,07:22:49.931000,1.0,2.2460237856426426,4.0,6979.0,6822.25,<500,0.0
2026-01-20,AH,Sell,801,1,1,15:52:27.809000,0.0,0.11346998535871156,,6830.0,6822.25,500-1000,0.0
2026-01-20,PM,Sell,500,1,1,01:05:42.652000,0.0,0.5357923895611605,,6859.0,6822.25,<500,0.0
2026-01-20,RTH,Sell,800,1,1,10:33:39.838000,0.0,0.47775346462436175,,6855.0,6822.25,500-1000,0.0
2026-01-20,RTH,Sell,800,1,1,10:50:04.020000,0.0,0.3032295776706123,,6843.0,6822.25,500-1000,0.0
2026-01-20,RTH,Sell,800,1,1,12:14:57.511000,0.0,0.06957668082613154,,6827.0,6822.25,500-1000,0.0
2026-01-20,RTH,Sell,900,1,1,12:35:05.933000,0.0,0.09884316883877582,,6829.0,6822.25,500-1000,0.0
2026-01-20,RTH,Sell,582,1,1,12:39:02.956000,0.0,0.054937005566949894,,6826.0,6822.25,500-1000,0.0
2026-01-21,PM,Sell,2009,1,4,05:36:51.739000,0.0,-0.3117664319248826,,6816.0,6837.25,>2000,0.0
2026-01-21,RTH,Buy,700,1,1,07:35:57.427000,1.0,1.3987534425279027,1.0,6899.0,6969.0,500-1000,0.0
2026-01-21,RTH,Buy,800,1,1,07:45:08.750000,1.0,1.3253186558516803,1.0,6904.0,6969.0,500-1000,0.0
2026-01-21,RTH,Buy,300,0,1,11:42:29.372000,1.0,0.9743071593533487,5.0,6928.0,6995.5,<500,0.0
2026-01-21,RTH,Buy,500,1,1,11:46:47.243000,1.0,0.8542079653991711,5.0,6936.25,6995.5,<500,0.0
2026-01-21,RTH,Buy,500,1,1,11:50:05.538000,1.0,0.7706712762892538,5.0,6942.0,6995.5,<500,0.0
2026-01-21,RTH,Sell,411,0,1,11:51:33.779000,1.0,1.363292097955062,0.0,6931.75,6837.25,<500,1.0
2026-01-21,RTH,Sell,500,1,1,12:05:59.735000,1.0,1.4059627239626518,0.0,6934.75,6837.25,<500,1.0
2026-01-21,RTH,Buy,310,0,1,12:30:39.477000,1.0,1.2519901577652337,1.0,6909.0,6969.0,<500,0.0
2026-01-23,RTH,Sell,297,0,1,09:46:32.902000,0.0,0.14407145944388416,,6941.0,6931.0,<500,0.0
2026-01-28,PM,Buy,396,0,1,06:29:57.343000,0.0,0.046279814880740476,,7022.5,7025.75,<500,0.0
2026-01-29,AH,Sell,392,0,1,18:20:40.954000,1.0,0.9030076269966901,5.0,6949.0,6886.25,<500,0.0
2026-01-29,RTH,Sell,340,0,1,08:04:54.711000,0.0,0.2281947261663286,,6902.0,6886.25,<500,0.0
2026-01-29,RTH,Sell,423,0,1,10:38:34.353000,1.0,1.1093559273353917,0.0,6963.5,6898.25,<500,1.0
2026-01-29,RTH,Buy,495,0,1,11:31:01.788000,1.0,0.7718819559129748,4.0,6963.5,7017.25,<500,0.0
2026-01-30,FirstHour,Buy,1400,1,2,07:11:37.069000,0.0,0.4617036506800286,,6985.0,7017.25,1000-2000,0.0
2026-01-30,RTH,Sell,319,0,1,07:30:06.264000,1.0,1.393778288670163,4.0,6959.5,6886.25,<500,0.0
2026-01-30,RTH,Buy,300,0,1,09:05:39.555000,1.0,1.073061827085809,3.0,6942.75,7017.25,<500,0.0
2026-01-30,RTH,Buy,377,0,1,10:30:34.668000,1.0,1.1495495495495496,0.0,6937.5,6991.25,<500,1.0
2026-01-30,RTH,Buy,500,1,1,11:19:06.760000,0.0,0.7248717120608605,,6966.75,7017.25,<500,0.0
2026-01-30,RTH,Sell,400,0,1,11:22:16.938000,1.0,1.5423242467718794,4.0,6970.0,6886.25,<500,0.0
2026-01-30,RTH,Sell,800,1,1,11:29:47.900000,1.0,1.4574956921309592,4.0,6964.0,6886.25,500-1000,0.0
2026-01-30,RTH,Sell,308,0,1,12:22:02.010000,1.0,1.1452031114952463,4.0,6942.0,6886.25,<500,0.0
2026-02-03,RTH,Sell,576,1,1,07:41:51.433000,1.0,2.5423728813559325,0.0,6962.0,6886.25,500-1000,1.0
2026-02-03,RTH,Sell,600,1,1,07:45:16.796000,1.0,2.45830937320299,0.0,6956.0,6886.25,500-1000,1.0
2026-02-03,RTH,Sell,291,0,1,10:13:53.500000,1.0,1.8444846292947559,2.0,6912.5,6785.0,<500,0.0
2026-02-04,AH,Buy,300,0,1,18:35:31.109000,1.0,1.1779158837982366,5.0,6919.0,7000.5,<500,0.0
2026-02-04,RTH,Buy,312,0,1,09:27:07.978000,1.0,1.7329700272479562,0.0,6881.25,6955.0,<500,1.0
2026-02-05,AH,Sell,474,0,1,13:19:52,0.0,0.26458915184477433,,6803.0,6785.0,<500,0.0
2026-02-05,AH,Sell,392,0,1,19:39:35.643000,0.0,0.20224305938591652,,6798.75,6785.0,<500,0.0
2026-02-05,PM,Buy,290,0,1,05:14:37.345000,1.0,1.9868995633187774,1.0,6870.0,6965.5,<500,0.0
2026-02-06,FirstHour,Sell,528,1,1,06:55:43.345000,0.0,0.2793093441671503,,6892.0,6872.75,500-1000,0.0
2026-02-06,RTH,Buy,600,1,1,08:05:00.024000,1.0,1.3671875,0.0,6912.0,6965.5,500-1000,1.0
2026-02-06,RTH,Buy,600,1,1,08:22:02.499000,1.0,1.264633617574794,3.0,6919.0,7000.5,500-1000,0.0
2026-02-06,RTH,Buy,500,1,1,08:35:00.392000,1.0,1.2536580078760071,3.0,6919.75,7000.5,<500,0.0
2026-02-06,RTH,Buy,450,0,1,09:05:00.009000,1.0,1.2426847771114804,3.0,6920.5,7000.5,<500,0.0
2026-02-09,AH,Buy,466,0,1,13:11:42.257000,0.0,0.3149831770348629,,6984.5,7006.5,<500,0.0
2026-02-09,AH,Buy,315,0,1,13:11:08.155000,0.0,0.30780243378668576,,6985.0,7006.5,<500,0.0
2026-02-10,RTH,Buy,293,0,1,10:55:30.173000,0.0,0.5236728837876614,,6970.0,7006.5,<500,0.0
2026-02-10,RTH,Buy,292,0,1,10:55:30.173000,0.0,0.5236728837876614,,6970.0,7006.5,<500,0.0
2026-02-11,PM,Buy,500,1,1,05:19:35.482000,0.0,0.197167951245743,,6973.75,6987.5,<500,0.0
2026-02-11,RTH,Buy,400,0,1,07:53:02.763000,0.0,0.42397240586375395,,6958.0,6987.5,<500,0.0
2026-02-12,FirstHour,Buy,580,1,1,07:07:51.155000,0.0,0.09685403737848405,,6969.25,6976.0,500-1000,0.0
2026-02-12,RTH,Sell,500,1,1,07:55:35.149000,1.0,2.0375779869450756,0.0,6932.25,6842.0,<500,1.0
2026-02-12,RTH,Buy,329,0,1,07:58:49.398000,0.0,0.7037424663466744,,6927.25,6976.0,<500,0.0
2026-02-12,RTH,Sell,288,0,1,07:59:25.179000,1.0,1.9350180505415162,0.0,6925.0,6842.0,<500,1.0
2026-02-12,RTH,Buy,451,0,1,08:12:25.936000,1.0,1.0831371128418765,0.0,6901.25,6976.0,<500,1.0
2026-02-12,RTH,Buy,306,0,1,08:32:58.087000,1.0,1.3143562559000799,0.0,6885.5,6976.0,<500,1.0
2026-02-12,RTH,Sell,431,0,1,08:28:01.557000,1.0,1.3509587449157467,5.0,6884.0,6791.0,<500,0.0
2026-02-13,AH,Buy,398,0,1,00:14:10.343000,1.0,1.224057293189126,0.0,6842.0,6897.75,<500,1.0
2026-02-13,FirstHour,Buy,583,1,1,06:48:02.914000,1.0,0.9584548104956268,5.0,6860.0,6925.75,500-1000,0.0
2026-02-13,PM,Sell,988,1,2,01:55:23.196000,1.0,0.8033888401986562,4.0,6846.0,6791.0,500-1000,0.0
2026-02-16,AH,Sell,300,0,1,00:49:04.403000,1.0,1.2756678175540614,1.0,6878.75,6791.0,<500,0.0
2026-02-17,AH,Buy,485,0,1,00:53:22.423000,1.0,1.478661884195886,0.0,6830.5,6883.75,<500,1.0
2026-02-17,FirstHour,Buy,300,0,1,07:16:01.925000,1.0,1.8589272593681114,0.0,6805.0,6883.75,<500,1.0
2026-02-17,RTH,Buy,398,0,1,08:31:28.005000,1.0,1.2747927092084597,1.0,6844.25,6925.75,<500,0.0
2026-02-18,AH,Sell,360,0,1,00:03:56.393000,0.0,0.708421129114292,,6881.5,6832.75,<500,0.0
2026-02-19,FirstHour,Buy,1200,2,2,06:53:54.104000,0.0,0.6753812636165577,,6885.0,6931.5,1000-2000,0.0
2026-02-19,PM,Buy,2328,2,5,04:25:27.360000,0.0,0.7192676547515258,,6882.0,6931.5,>2000,0.0
2026-02-19,RTH,Sell,299,0,1,07:59:12.297000,1.0,0.7697055513197546,4.0,6885.75,6832.75,<500,0.0
2026-02-19,RTH,Buy,388,0,1,08:30:48.806000,1.0,0.7851690294438387,1.0,6877.5,6931.5,<500,0.0
2026-02-23,FirstHour,Buy,1001,1,1,06:30:07.944000,1.0,1.0380497685185186,2.0,6912.0,6983.75,1000-2000,0.0
2026-02-23,PM,Buy,1650,1,3,06:14:30.651000,1.0,1.1404779145546706,2.0,6905.0,6983.75,1000-2000,0.0
2026-02-23,RTH,Sell,450,0,1,08:06:14.839000,0.0,0.09138762977043427,,6839.0,6832.75,<500,0.0
2026-02-24,FirstHour,Buy,2600,3,5,07:06:22.201000,1.0,1.7297887836853605,1.0,6865.0,6983.75,>2000,0.0
2026-02-24,RTH,Buy,500,1,1,09:10:00.010000,1.0,1.213768115942029,1.0,6900.0,6983.75,<500,0.0
2026-02-26,RTH,Buy,400,0,1,07:45:01.685000,0.0,0.5689230323235251,,6899.0,6938.25,<500,0.0
2026-02-27,PM,Buy,364,0,1,05:32:20.819000,1.0,0.7985123605338,3.0,6856.5,6911.25,<500,0.0
2026-03-02,AH,Sell,500,1,1,21:17:04.890000,1.0,1.743930973968997,1.0,6838.0,6718.75,<500,0.0
2026-03-02,AH,Sell,497,0,1,21:41:46.351000,1.0,1.6756301906120807,1.0,6833.25,6718.75,<500,0.0
2026-03-02,AH,Sell,300,0,1,21:56:08.802000,1.0,1.6252425052161499,1.0,6829.75,6718.75,<500,0.0
2026-03-02,AH,Buy,700,1,1,22:01:40.801000,1.0,1.115581565471836,0.0,6835.0,6911.25,500-1000,1.0
2026-03-02,FirstHour,Buy,2278,3,3,06:31:12.161000,1.0,1.3231197771587744,0.0,6821.0,6911.25,>2000,1.0
2026-03-02,PM,Buy,6059,6,13,05:19:36.743000,1.0,1.3305476138113042,0.0,6820.5,6911.25,>2000,1.0
2026-03-03,RTH,Sell,755,1,1,09:45:31.983000,1.0,1.2819570966794005,0.0,6806.0,6718.75,500-1000,1.0
2026-03-03,RTH,Sell,810,1,1,10:25:33.331000,1.0,1.5279202696760954,0.0,6823.0,6718.75,500-1000,1.0
2026-03-03,RTH,Sell,537,1,1,10:25:20.407000,1.0,1.5279202696760954,0.0,6823.0,6718.75,500-1000,1.0
2026-03-03,RTH,Buy,290,0,1,12:05:26.707000,1.0,0.8964179869013208,1.0,6832.75,6894.0,<500,0.0
2026-03-04,AH,Buy,481,0,1,23:15:09.541000,0.0,0.4736573635502441,,6861.5,6894.0,<500,0.0
2026-03-05,RTH,Sell,314,0,1,12:18:21.736000,1.0,2.5066979850992768,1.0,6811.75,6726.0,<500,0.0
2026-03-06,AH,Sell,488,0,1,13:06:50.594000,1.0,1.3956941351150705,3.0,6735.0,6641.0,<500,0.0
2026-03-06,AH,Sell,470,0,1,13:08:27.135000,1.0,1.3956941351150705,3.0,6735.0,6641.0,<500,0.0
2026-03-06,AH,Sell,405,0,1,13:19:40.659000,1.0,1.4249666023452576,3.0,6737.0,6641.0,<500,0.0
2026-03-06,RTH,Buy,400,0,1,07:56:11.841000,1.0,1.2261781651647214,4.0,6769.0,6852.0,<500,0.0
2026-03-06,RTH,Buy,500,1,1,08:03:11.214000,1.0,1.136531365313653,4.0,6775.0,6852.0,<500,0.0
2026-03-06,RTH,Buy,800,1,1,08:16:17.980000,1.0,1.2411347517730498,4.0,6768.0,6852.0,500-1000,0.0
2026-03-08,AH,Sell,599,1,1,15:00:37.073000,0.0,0.43478260869565216,,6670.0,6641.0,500-1000,0.0
2026-03-09,RTH,Sell,506,1,1,08:22:18.563000,1.0,1.0430636268812399,0.0,6711.0,6641.0,500-1000,1.0
2026-03-09,RTH,Buy,308,0,1,08:53:58.452000,1.0,2.0402084884586746,0.0,6715.0,6818.5,<500,1.0
2026-03-09,RTH,Buy,456,0,1,08:53:54.810000,1.0,2.0554066130473636,0.0,6714.0,6818.5,<500,1.0
2026-03-09,RTH,Sell,623,1,1,12:20:34.179000,1.0,1.782148931450122,0.0,6761.5,6641.0,500-1000,1.0
2026-03-09,RTH,Buy,355,0,1,12:59:22.823000,1.0,0.772115596735054,1.0,6799.5,6852.0,<500,0.0
2026-03-10,AH,Buy,349,0,1,23:43:03.274000,0.0,0.6610841780520054,,6807.0,6852.0,<500,0.0
2026-03-10,FirstHour,Buy,300,0,1,07:05:37.870000,1.0,1.0135259646924408,0.0,6783.25,6852.0,<500,1.0
2026-03-10,RTH,Sell,300,0,1,07:37:04.545000,1.0,2.7200646061228984,1.0,6810.5,6749.75,<500,0.0
2026-03-10,RTH,Buy,389,0,1,12:30:23.275000,1.0,0.9168231525461173,0.0,6789.75,6852.0,<500,1.0
2026-03-11,AH,Buy,295,0,1,15:30:51.151000,1.0,1.0448314190440904,0.0,6747.5,6818.0,<500,1.0
2026-03-11,FirstHour,Sell,285,0,1,06:30:53.009000,1.0,2.523264795674403,1.0,6796.75,6671.75,<500,0.0
2026-03-12,RTH,Buy,900,1,1,08:14:23.345000,1.0,1.7080281058454179,4.0,6689.0,6784.75,500-1000,0.0
2026-03-12,RTH,Buy,1000,1,1,08:42:46.761000,1.0,1.3293118856121537,4.0,6714.0,6784.75,500-1000,0.0
2026-03-12,RTH,Buy,500,1,1,09:27:26.400000,1.0,1.4350678395705978,4.0,6707.0,6784.75,<500,0.0
2026-03-12,RTH,Sell,477,0,1,09:27:09.474000,1.0,1.2004622898258956,1.0,6705.75,6625.25,<500,0.0
2026-03-12,RTH,Buy,875,1,1,09:55:05.833000,1.0,1.4804594272076372,4.0,6704.0,6784.75,500-1000,0.0
2026-03-12,RTH,Buy,875,1,1,10:04:07.024000,1.0,1.3746088511399195,4.0,6711.0,6784.75,500-1000,0.0
2026-03-12,RTH,Buy,1000,1,1,10:06:56.074000,1.0,1.2689788627567729,4.0,6718.0,6784.75,500-1000,0.0
2026-03-12,RTH,Buy,1200,1,1,10:06:56.074000,1.0,1.2689788627567729,4.0,6718.0,6784.75,1000-2000,0.0
2026-03-12,RTH,Buy,900,1,1,10:22:43.209000,1.0,1.4350678395705978,4.0,6707.0,6784.75,500-1000,0.0
2026-03-17,PM,Buy,400,0,1,04:25:43.811000,1.0,0.773959413420234,0.0,6751.0,6803.25,<500,1.0
2026-03-18,RTH,Sell,439,0,1,09:33:52.917000,1.0,3.071837159200654,0.0,6730.5,6654.5,<500,1.0
2026-03-18,RTH,Sell,500,1,1,11:46:32.774000,1.0,2.761216276643315,0.0,6709.0,6654.5,<500,1.0
2026-03-18,RTH,Buy,499,0,1,11:47:23.144000,0.0,0.6891670391893905,,6711.0,6757.25,<500,0.0
2026-03-18,RTH,Buy,500,1,1,11:51:53.975000,1.0,0.7679976139879954,0.0,6705.75,6757.25,<500,1.0
2026-03-18,RTH,Sell,500,1,1,11:50:50.355000,1.0,2.699578656922331,1.0,6704.75,6616.25,<500,0.0
2026-03-18,RTH,Sell,482,0,1,11:54:08.326000,1.0,2.6124276917335325,1.0,6698.75,6616.25,<500,0.0
2026-03-18,RTH,Buy,500,1,1,11:56:13.116000,1.0,0.8281419032342299,0.0,6701.75,6757.25,<500,1.0
2026-03-19,RTH,Sell,286,0,1,09:53:39.483000,1.0,1.580297201478464,1.0,6628.5,6523.75,<500,0.0
2026-03-20,FirstHour,Sell,500,1,1,06:58:13.221000,1.0,1.3235016071090944,0.0,6611.25,6523.75,<500,1.0
2026-03-20,PM,Buy,2463,3,5,05:09:25.952000,1.0,0.9599457912964914,3.0,6641.0,6704.75,>2000,0.0
2026-03-20,RTH,Buy,306,0,1,12:46:55.589000,1.0,2.503439841002905,0.0,6541.0,6617.75,<500,1.0
2026-03-23,AH,Sell,514,1,1,00:28:09.262000,0.0,-0.41602465331278893,,6490.0,6517.0,500-1000,0.0
2026-03-23,PM,Sell,957,0,3,04:17:48.133000,1.0,2.9486224869694713,0.0,6715.0,6616.0,500-1000,1.0
2026-03-23,RTH,Sell,598,1,1,08:52:12.285000,1.0,2.088341346153846,1.0,6656.0,6587.25,500-1000,0.0
2026-03-23,RTH,Sell,1000,1,1,08:55:25.426000,1.0,1.926260346124906,1.0,6645.0,6587.25,500-1000,0.0
2026-03-23,RTH,Sell,800,1,1,09:25:34.711000,1.0,1.645034711741624,3.0,6626.0,6517.0,500-1000,0.0
2026-03-23,RTH,Sell,1200,1,1,09:29:32.392000,1.0,1.555891238670695,3.0,6620.0,6517.0,1000-2000,0.0
2026-03-23,RTH,Sell,1000,1,1,09:29:32.392000,1.0,1.555891238670695,3.0,6620.0,6517.0,500-1000,0.0
2026-03-23,RTH,Sell,400,0,1,09:29:14.156000,1.0,1.6153381642512077,3.0,6624.0,6517.0,<500,0.0
2026-03-23,RTH,Buy,450,0,1,09:23:02.282000,1.0,1.0436289654133073,0.0,6635.5,6704.75,<500,1.0
2026-03-23,RTH,Buy,297,0,1,09:47:15.084000,1.0,1.0055739680626694,0.0,6638.0,6704.75,<500,1.0
2026-03-23,RTH,Sell,300,0,1,09:57:43.849000,1.0,1.7043740573152337,3.0,6630.0,6517.0,<500,0.0
2026-03-23,RTH,Sell,1000,1,1,10:43:11.505000,1.0,1.941017153174842,1.0,6646.0,6587.25,500-1000,0.0
2026-03-23,RTH,Buy,294,0,1,11:35:00.171000,0.0,0.5662216889155542,,6667.0,6704.75,<500,0.0
2026-03-23,RTH,Buy,341,0,1,11:42:04.897000,0.0,0.6077202986082455,,6664.25,6704.75,<500,0.0
2026-03-24,AH,Buy,400,0,1,15:37:19.502000,0.0,0.4133473620922892,,6653.0,6680.5,<500,0.0
2026-03-24,AH,Buy,386,0,1,16:06:18.952000,0.0,0.42844257366205657,,6652.0,6680.5,<500,0.0
2026-03-24,AH,Sell,392,0,1,17:05:44.648000,1.0,3.9212000451144777,0.0,6649.75,6587.25,<500,1.0
2026-03-24,FirstHour,Buy,2000,4,4,07:07:44.652000,1.0,1.0665658093797277,0.0,6610.0,6680.5,1000-2000,1.0
2026-03-24,RTH,Buy,785,1,1,08:25:58.636000,0.0,0.5531514581373471,,6643.75,6680.5,500-1000,0.0
2026-03-24,RTH,Buy,800,1,1,08:25:29.726000,0.0,0.5720737674068498,,6642.5,6680.5,500-1000,0.0
2026-03-24,RTH,Buy,295,0,1,11:38:58.567000,0.0,0.6667922395931437,,6636.25,6680.5,<500,0.0
2026-03-25,RTH,Sell,322,0,1,08:16:24.462000,1.0,4.152223059532781,1.0,6635.0,6517.0,<500,0.0
2026-03-26,AH,Sell,400,0,1,17:22:42.180000,1.0,2.7896667685723022,1.0,6542.0,6389.0,<500,0.0
2026-03-26,AH,Sell,400,0,1,17:22:32.774000,1.0,2.8193765281173593,1.0,6544.0,6389.0,<500,0.0
2026-03-26,AH,Sell,368,0,1,17:22:45.910000,1.0,2.7599388379204894,1.0,6540.0,6389.0,<500,0.0
2026-03-26,AH,Buy,399,0,1,18:42:33.954000,1.0,1.1301160659743432,0.0,6548.0,6622.0,<500,1.0
2026-03-26,AH,Buy,500,1,1,19:00:56.353000,1.0,1.099236641221374,0.0,6550.0,6622.0,<500,1.0
2026-03-26,RTH,Sell,500,1,1,09:50:17.408000,1.0,3.1007161359134545,1.0,6563.0,6389.0,<500,0.0
2026-03-26,RTH,Sell,500,1,1,11:00:28.125000,1.0,2.7599388379204894,1.0,6540.0,6389.0,<500,0.0
2026-03-26,RTH,Sell,380,0,1,12:03:38.741000,1.0,2.7450680532191467,1.0,6539.0,6389.0,<500,0.0
2026-03-26,RTH,Sell,500,1,1,12:11:36.534000,1.0,2.6333920232718366,1.0,6531.5,6389.0,<500,0.0
2026-03-26,RTH,Buy,550,1,1,12:12:14.600000,1.0,1.3778322106552359,0.0,6532.0,6622.0,500-1000,1.0
2026-03-27,FirstHour,Sell,3000,2,2,06:31:49.329000,1.0,1.8747106927943218,0.0,6481.0,6389.0,>2000,1.0
2026-03-27,PM,Sell,4050,4,6,02:01:59.060000,1.0,2.491567003986507,0.0,6522.0,6389.0,>2000,1.0
2026-03-27,RTH,Sell,300,0,1,09:08:26.281000,1.0,1.5861962240792324,0.0,6462.0,6389.0,<500,1.0
2026-03-27,RTH,Sell,1000,1,1,09:07:56.180000,1.0,1.6166460396039604,0.0,6464.0,6389.0,500-1000,1.0
2026-03-27,RTH,Sell,500,1,1,09:26:38.849000,1.0,1.4794732765298217,0.0,6455.0,6389.0,<500,1.0
2026-03-27,RTH,Sell,600,1,1,10:00:38.409000,1.0,1.448938478227181,0.0,6453.0,6389.0,500-1000,1.0
2026-03-27,RTH,Buy,347,0,1,11:18:12.187000,1.0,3.5119788425637837,0.0,6428.0,6490.25,<500,1.0
2026-03-27,RTH,Buy,500,1,1,11:15:21.335000,1.0,3.5603112840466924,0.0,6425.0,6490.25,<500,1.0
2026-03-27,RTH,Buy,500,1,1,11:20:40.280000,1.0,3.4797822706065316,0.0,6430.0,6490.25,<500,1.0
2026-03-27,RTH,Buy,500,1,1,11:29:17.364000,1.0,3.528084642912712,0.0,6427.0,6490.25,<500,1.0
2026-03-27,RTH,Buy,500,1,1,11:33:58.083000,1.0,3.5562818567370917,0.0,6425.25,6490.25,<500,1.0
2026-03-27,RTH,Buy,500,1,1,11:34:47.238000,1.0,3.5361394227028713,0.0,6426.5,6490.25,<500,1.0
2026-03-27,RTH,Buy,475,0,1,11:43:28.527000,1.0,3.483805746724212,0.0,6429.75,6490.25,<500,1.0
2026-03-27,RTH,Buy,484,0,1,11:41:38.462000,1.0,3.528084642912712,0.0,6427.0,6490.25,<500,1.0
2026-03-27,RTH,Sell,689,1,1,12:06:04.514000,1.0,0.84970377299657,3.0,6414.0,6359.5,500-1000,0.0
2026-03-30,RTH,Sell,300,0,1,08:35:12.701000,1.0,1.3151258874190168,0.0,6444.25,6359.5,<500,1.0
2026-03-30,RTH,Buy,300,0,1,10:16:36.673000,1.0,3.875575677152447,0.0,6405.5,6455.75,<500,1.0
2026-03-30,RTH,Sell,500,1,1,10:16:29.201000,0.0,0.7375034143676591,,6406.75,6359.5,<500,0.0
2026-03-30,RTH,Sell,395,0,1,10:27:30.784000,0.0,0.6328125,,6400.0,6359.5,<500,0.0
2026-03-30,RTH,Buy,396,0,1,10:40:36.410000,1.0,3.8999063085571515,0.0,6404.0,6455.75,<500,1.0
2026-03-30,RTH,Sell,400,0,1,10:58:35.263000,0.0,0.6250488319399953,,6399.5,6359.5,<500,0.0
2026-03-30,RTH,Sell,499,0,1,11:46:52.748000,0.0,0.5084480600750938,,6392.0,6359.5,<500,0.0
2026-03-30,RTH,Sell,993,1,1,12:59:57.250000,0.0,0.45783603991391114,,6388.75,6359.5,500-1000,0.0
2026-03-31,FirstHour,Buy,300,0,1,06:42:08.532000,1.0,2.9958637751749198,0.0,6467.25,6583.25,<500,1.0
2026-03-31,PM,Buy,480,0,1,05:18:44.718000,1.0,3.2713178294573644,0.0,6450.0,6583.25,<500,1.0
2026-03-31,RTH,Sell,488,0,1,09:48:45.531000,1.0,1.115840331301047,0.0,6519.75,6447.0,<500,1.0
2026-03-31,RTH,Buy,391,0,1,09:41:29.739000,1.0,1.7257177764202811,1.0,6548.0,6653.75,<500,0.0
2026-03-31,RTH,Buy,500,1,1,09:43:25.765000,1.0,1.5280265213580764,1.0,6560.75,6653.75,<500,0.0
2026-03-31,RTH,Sell,357,0,1,09:42:19.386000,1.0,1.4672168729940394,0.0,6543.0,6447.0,<500,1.0
2026-03-31,RTH,Buy,474,0,1,09:49:02.180000,1.0,2.127333358886887,0.0,6522.25,6583.25,<500,1.0
2026-03-31,RTH,Buy,446,0,1,09:40:46.095000,1.0,2.006125574272588,0.0,6530.0,6583.25,<500,1.0
2026-03-31,RTH,Buy,466,0,1,10:24:05.976000,1.0,1.7257177764202811,1.0,6548.0,6653.75,<500,0.0
2026-03-31,RTH,Buy,450,0,1,10:30:42.224000,1.0,1.8579402094961388,1.0,6539.5,6653.75,<500,0.0
2026-03-31,RTH,Sell,362,0,1,10:30:38.853000,1.0,1.4220183486238533,0.0,6540.0,6447.0,<500,1.0
2026-04-02,RTH,Sell,399,0,1,08:05:56.858000,1.0,0.9115322062105224,0.0,6609.75,6549.5,<500,1.0
2026-04-02,RTH,Buy,722,1,1,08:04:41.866000,1.0,3.2378721474988668,5.0,6617.0,6673.5,500-1000,0.0
2026-04-02,RTH,Buy,900,1,1,08:04:40.078000,1.0,3.2534764207980653,5.0,6616.0,6673.5,500-1000,0.0
2026-04-02,RTH,Buy,618,1,1,08:11:13.350000,1.0,3.1599214738749626,5.0,6622.0,6673.5,500-1000,0.0
2026-04-02,RTH,Buy,900,1,1,08:10:57.089000,1.0,3.2066777458830638,5.0,6619.0,6673.5,500-1000,0.0
2026-04-02,RTH,Sell,400,0,1,08:18:00.201000,1.0,0.9901738473167044,0.0,6615.0,6549.5,<500,1.0
2026-04-02,RTH,Buy,988,1,1,08:44:13.205000,1.0,3.2378721474988668,5.0,6617.0,6673.5,500-1000,0.0
2026-04-07,AH,Buy,950,1,1,13:02:21.050000,1.0,3.3599879866351317,1.0,6659.25,6831.25,500-1000,0.0
2026-04-07,AH,Buy,481,0,1,13:02:57.656000,1.0,3.3444690514620325,1.0,6660.25,6831.25,<500,0.0
2026-04-07,AH,Buy,456,0,1,15:37:10.184000,1.0,1.985479330271151,1.0,6749.0,6831.25,<500,0.0
2026-04-07,AH,Buy,498,0,1,15:35:25.995000,1.0,2.1368155512687346,1.0,6739.0,6831.25,<500,0.0
2026-04-07,AH,Buy,416,0,1,15:35:25.773000,1.0,2.1368155512687346,1.0,6739.0,6831.25,<500,0.0
2026-04-07,AH,Buy,300,0,1,16:04:27.263000,1.0,1.2205882352941175,2.0,6800.0,6876.0,<500,0.0
2026-04-07,PM,Sell,2886,2,5,03:25:26.296000,1.0,1.2062227566511348,0.0,6653.0,6572.75,>2000,1.0
2026-04-07,RTH,Sell,400,0,1,08:01:44.983000,0.0,0.18602885345482156,,6585.0,6572.75,<500,0.0
2026-04-07,RTH,Sell,375,0,1,10:17:58.574000,0.0,0.7437330111748716,,6622.0,6572.75,<500,0.0
2026-04-07,RTH,Sell,500,1,1,12:08:26.983000,0.0,0.41287878787878785,,6600.0,6572.75,<500,0.0
2026-04-07,RTH,Buy,500,1,1,12:18:17.804000,1.0,3.9728096676737157,0.0,6620.0,6673.5,<500,1.0
2026-04-07,RTH,Buy,732,1,1,12:46:13.065000,1.0,3.472639807576669,1.0,6652.0,6831.25,500-1000,0.0
2026-04-07,RTH,Buy,400,0,1,12:55:54.212000,1.0,3.4959777460341326,1.0,6650.5,6831.25,<500,0.0
2026-04-07,RTH,Buy,349,0,1,12:51:48.099000,1.0,3.5193262144683413,1.0,6649.0,6831.25,<500,0.0
2026-04-07,RTH,Sell,301,0,1,12:50:16.271000,1.0,1.0872836719337848,0.0,6645.0,6572.75,<500,1.0
2026-04-07,RTH,Buy,500,1,1,12:56:42.754000,1.0,3.4843074610035702,1.0,6651.25,6831.25,<500,0.0
2026-04-07,RTH,Buy,400,0,1,12:55:00.035000,1.0,3.5348977135980744,1.0,6648.0,6831.25,<500,0.0
2026-04-08,RTH,Buy,688,1,1,08:03:40.849000,1.0,1.8261316872427984,1.0,6804.0,6876.0,500-1000,0.0
2026-04-08,RTH,Buy,600,1,1,08:11:37.684000,1.0,1.9610007358351729,1.0,6795.0,6876.0,500-1000,0.0
2026-04-08,RTH,Sell,387,0,1,08:15:10.757000,0.0,0.21707936274329445,,6794.75,6780.0,<500,0.0
2026-04-08,RTH,Sell,1327,1,1,09:04:41.511000,0.0,0.5865102639296188,,6820.0,6780.0,1000-2000,0.0
2026-04-08,RTH,Sell,623,1,1,09:04:41.512000,0.0,0.5865102639296188,,6820.0,6780.0,500-1000,0.0
2026-04-08,RTH,Buy,344,0,1,09:22:08.496000,1.0,1.6953506293347034,1.0,6812.75,6876.0,<500,0.0
2026-04-08,RTH,Buy,331,0,1,09:22:25.249000,1.0,1.7102800308290822,1.0,6811.75,6876.0,<500,0.0
2026-04-09,AH,Sell,522,1,1,13:05:41.723000,1.0,0.8129784907036092,0.0,6857.5,6801.75,500-1000,1.0
2026-04-09,AH,Sell,450,0,1,13:05:48.699000,1.0,0.8129784907036092,0.0,6857.5,6801.75,<500,1.0
2026-04-09,RTH,Buy,500,1,1,08:46:39.399000,1.0,2.433676825257619,4.0,6841.5,6928.25,<500,0.0
2026-04-09,RTH,Buy,500,1,1,09:09:30.354000,1.0,2.0830298616168976,4.0,6865.0,6928.25,<500,0.0
2026-04-09,RTH,Buy,796,1,1,10:00:57.307000,1.0,2.1127786682208947,4.0,6863.0,6928.25,500-1000,0.0
2026-04-09,RTH,Sell,425,0,1,11:04:05.466000,1.0,0.7768052516411378,0.0,6855.0,6801.75,<500,1.0
2026-04-09,RTH,Buy,800,1,1,11:05:06.978000,1.0,2.172328327744569,4.0,6859.0,6928.25,500-1000,0.0
2026-04-09,RTH,Buy,946,1,1,11:14:08.184000,1.0,2.2319474835886215,4.0,6855.0,6928.25,500-1000,0.0
2026-04-10,RTH,Buy,400,0,1,10:15:03.745000,1.0,2.246863145608404,3.0,6854.0,6928.25,<500,0.0
2026-04-13,FirstHour,Buy,4164,3,7,06:59:55.359000,1.0,2.1872265966754156,0.0,6858.0,6928.25,>2000,1.0
2026-04-13,PM,Buy,2150,2,3,06:13:49.199000,1.0,2.651237732532591,0.0,6827.0,6928.25,>2000,1.0
2026-04-13,RTH,Buy,500,1,1,07:34:42.262000,1.0,2.1574344023323615,0.0,6860.0,6928.25,<500,1.0
2026-04-13,RTH,Buy,500,1,1,07:44:40.066000,1.0,2.127659574468085,0.0,6862.0,6928.25,<500,1.0
2026-04-13,RTH,Buy,398,0,1,09:50:36.441000,1.0,1.7717107173976183,1.0,6886.0,7008.0,<500,0.0
2026-04-13,RTH,Buy,400,0,1,12:25:23.426000,1.0,1.565217391304348,1.0,6900.0,7008.0,<500,0.0
