id,date,time,trading_hour,vol,vol_bucket,spot,target,target_move_pct,direction,target_hit,days_to_target,delayed_hit,days_to_delayed,min_hit,days_to_min,max_profit_pct,days_to_max,max_drawdown_pct
9073,2025-10-21,06:11:38,PM,1,<10,671.18,660.49,1.5927173038529072,Bearish,1,20.0,0,,0,,6.242732307745307,109,2.75932122635229
9583,2025-10-22,13:52:15,AH,20,20-49,667.86,652.85,2.247477016141106,Bearish,0,,1,21.0,0,,5.776655392316505,108,3.2701482656591554
9602,2025-10-23,06:30:59,RTH,1,<10,668.1,629.09,5.838946265529111,Bearish,0,,1,107.0,0,,5.8105030239672235,107,4.451433446410526
9939,2025-10-27,12:27:56,RTH,3,<10,684.19,639.68,6.505502857393429,Bearish,0,,1,104.0,1,9.0,8.025544176782041,105,1.9950637769433484
9940,2025-10-27,13:05:01,AH,836,500-999,685.18,668.04,2.5015324440293045,Bearish,1,9.0,0,,1,9.0,8.158435842132718,105,0.6596824494339152
10497,2025-10-28,12:10:56,RTH,9,<10,688.22,663.04,3.6587137833832295,Bearish,1,8.0,0,,1,8.0,8.564117680846971,104,0.21504928758699582
10498,2025-10-28,09:16:26,RTH,1,<10,685.86,676.03,1.433237103782119,Bearish,1,5.0,0,,1,8.0,8.249492710338117,104,0.5598828050959723
10541,2025-10-29,13:55:49,AH,40,20-49,687.28,670.29,2.472063787684788,Bearish,1,6.0,0,,1,7.0,8.439059874159728,103,0.0
13071,2025-11-03,09:13:17,RTH,58,50-100,683.48,671.81,1.7074384034646328,Bearish,1,3.0,0,,1,4.0,7.930000980734625,100,0.10972968759144112
13135,2025-11-04,06:30:31,RTH,1,<10,676.15,647.49,4.238704429490493,Bearish,0,,1,93.0,1,10.0,6.931889477649188,99,3.2078720484313794
14410,2025-11-10,14:06:39,AH,380,100-499,681.43,635.68,6.713822402888045,Bearish,0,,1,94.0,1,6.0,7.653019488887333,95,2.4081749930981613
14709,2025-11-11,10:09:07,RTH,1,<10,682.41,667.08,2.2464500813293955,Bearish,1,3.0,0,,1,4.0,7.785637769541035,94,0.3736788693976176
15474,2025-11-12,12:56:35,RTH,3,<10,683.23,604.97,11.4544150578868,Bearish,0,,0,,1,3.0,7.89631174028146,93,4.267964616371863
15475,2025-11-12,13:52:50,AH,50,50-100,683.31,637.78,6.663154351612002,Bearish,0,,1,92.0,1,2.0,7.907094979310261,93,2.12641800287846
15476,2025-11-12,06:33:16,RTH,596,500-999,684.11,653.02,4.544590782184156,Bearish,1,6.0,0,,1,2.0,8.014788660175267,93,0.0058327379734233326
15477,2025-11-12,13:51:37,AH,40,20-49,683.31,670.29,1.9054309171532662,Bearish,1,1.0,0,,1,2.0,7.907094979310261,93,0.0
15602,2025-11-13,14:19:38,AH,40,20-49,672.07,627.03,6.701682860416337,Bearish,0,,0,,1,5.0,6.366891946244446,92,5.999377244697345
15694,2025-11-14,14:03:21,AH,20,20-49,671.91,634.87,5.512643062314888,Bearish,0,,1,90.0,1,4.0,6.344595362939229,91,3.859151799417896
16383,2025-11-17,10:05:30,RTH,21,20-49,668.7,614.91,8.043965903992834,Bearish,0,,0,,0,,5.895015807256624,90,6.5335747941434805
17784,2025-11-21,10:23:02,RTH,10,10-19,657.39,606.59,7.727528559911157,Bearish,0,,0,,0,,4.275996091076071,86,8.366420944711285
17785,2025-11-21,14:03:21,AH,150,100-499,659.0,619.17,6.044006069802737,Bearish,0,,0,,0,,4.509858983782246,86,8.101671418579286
17787,2025-11-21,06:21:57,PM,1,<10,655.33,665.18,1.5030595272610607,Bullish,1,1.0,0,,1,2.0,8.707065852080243,99,0.6836287693318696
18456,2025-11-24,14:03:27,AH,380,100-499,668.67,635.68,4.933674308702351,Bearish,0,,1,84.0,0,,5.890793770189325,85,4.362395031251409
18457,2025-11-24,13:58:31,AH,30,20-49,668.67,637.34,4.685420311962542,Bearish,0,,1,84.0,0,,5.890793770189325,85,4.362395031251409
18458,2025-11-24,12:22:18,RTH,1,<10,669.24,655.01,2.126292510907898,Bearish,0,,1,78.0,0,,5.970947747164695,85,4.2735082863350575
19940,2025-12-04,06:40:24,RTH,6,<10,684.45,657.28,3.9696106362773134,Bearish,0,,1,71.0,0,,8.060482241672151,78,1.9563192133053846
20699,2025-12-05,14:24:18,AH,840,500-999,685.64,642.83,6.2438014118196055,Bearish,0,,1,76.0,0,,8.220052899936555,77,1.7793633474518356
20700,2025-12-05,11:28:52,RTH,179,100-499,686.11,671.93,2.0667239946947373,Bearish,1,8.0,0,,0,,8.282924123409513,77,0.4576525630001
20973,2025-12-16,11:23:07,RTH,2,<10,676.29,686.56,1.5185793076934426,Bullish,1,5.0,0,,1,17.0,5.337948904824489,83,0.7533739484217147
21149,2025-12-17,13:51:11,AH,20,20-49,671.4,627.12,6.595174262734581,Bearish,0,,0,,0,,6.273454081490167,69,6.1051555925584635
21150,2025-12-17,13:53:44,AH,20,20-49,671.4,633.39,5.6613047363717595,Bearish,0,,1,68.0,0,,6.273454081490167,69,3.938043916513073
21152,2025-12-17,13:52:57,AH,20,20-49,671.4,652.85,2.7628835269585874,Bearish,0,,1,63.0,0,,6.273454081490167,69,3.938043916513073
21153,2025-12-17,11:29:45,RTH,2,<10,672.67,653.62,2.831997859277202,Bearish,0,,1,63.0,0,,6.450409666422609,69,3.741809037933726
21154,2025-12-17,12:28:23,RTH,13,10-19,672.47,688.17,2.3346766398500947,Bullish,1,4.0,0,,1,12.0,5.93632647529815,82,0.1895984468870399
21186,2025-12-18,12:42:18,RTH,7,<10,678.03,637.5,5.977611610105744,Bearish,0,,1,67.0,0,,7.189943026580678,68,2.921703590618229
21755,2025-12-22,07:40:12,RTH,1,<10,682.88,672.12,1.5756794751640097,Bearish,1,2.0,0,,0,,7.849105363039626,66,1.164189475434008
22619,2026-01-05,14:09:20,AH,760,500-999,687.7,642.83,6.524647375309001,Bearish,0,,1,57.0,0,,8.494979017467653,58,1.4744840563426935
22660,2026-01-06,10:07:45,RTH,7,<10,690.63,668.68,3.178257532977143,Bearish,0,,1,42.0,0,,8.88318936378741,57,1.0439782308137142
22815,2026-01-07,14:15:28,AH,32,20-49,689.6,670.29,2.800174013921122,Bearish,0,,1,37.0,0,,8.747095519594696,56,1.1948994860018456
22816,2026-01-07,09:17:47,RTH,518,500-999,693.69,676.47,2.4823768542144222,Bearish,1,8.0,0,,0,,9.285123139028247,56,0.3459797395765681
22941,2026-01-09,06:34:42,RTH,3,<10,691.01,680.59,1.5079376564738511,Bearish,1,6.0,0,,0,,8.933296291388691,54,0.7351596728656256
23391,2026-01-13,09:16:49,RTH,50,50-100,694.63,663.08,4.541986381238926,Bearish,0,,1,37.0,0,,9.407881995180887,52,0.46212038861966154
23430,2026-01-14,13:48:48,AH,18,10-19,690.39,652.85,5.437506336997924,Bearish,0,,1,45.0,0,,8.851514463292485,51,1.0791041086152413
23431,2026-01-14,06:09:14,PM,1590,1000-2000,690.95,660.08,4.467761777263188,Bearish,0,,1,44.0,0,,8.925388335353505,51,0.9971816854285699
23432,2026-01-14,07:19:49,RTH,5,<10,690.31,662.72,3.9967550810505306,Bearish,0,,1,36.0,0,,8.840951268723465,51,1.0908181621979698
23495,2026-01-15,06:51:55,RTH,216,100-499,694.23,680.59,1.9647667199631225,Bearish,1,2.0,0,,0,,9.355684816721405,50,0.17573602509704736
23496,2026-01-15,12:02:30,RTH,10,10-19,692.65,684.72,1.144878365696954,Bearish,1,2.0,0,,0,,9.148916581697103,50,0.23099689597921358
23497,2026-01-15,06:51:54,RTH,45,20-49,694.23,684.83,1.3540181207956983,Bearish,1,2.0,0,,0,,9.355684816721405,50,0.17573602509704736
24218,2026-01-20,14:30:26,AH,380,100-499,677.56,635.68,6.1810024204498495,Bearish,0,,1,47.0,0,,7.125563891481927,48,2.993096826180531
24219,2026-01-20,14:16:24,AH,30,20-49,677.56,637.34,5.936005667394757,Bearish,0,,1,47.0,0,,7.125563891481927,48,2.993096826180531
24220,2026-01-20,14:07:12,AH,16,10-19,677.56,653.01,3.62329535391699,Bearish,0,,1,42.0,0,,7.125563891481927,48,2.993096826180531
24272,2026-01-20,01:00:56,PM,15704,>=5000,691.42,680.97,1.5113823725087403,Bearish,1,0.0,0,,0,,8.987297258269209,48,0.0
24300,2026-01-20,01:00:00,PM,96,50-100,691.42,681.84,1.3855543663764323,Bearish,1,0.0,0,,0,,8.987297258269209,48,0.0
24313,2026-01-20,01:00:00,PM,1114,1000-2000,691.42,683.75,1.1093112724537848,Bearish,1,0.0,0,,0,,8.987297258269209,48,0.0
24321,2026-01-20,01:00:00,PM,1078,1000-2000,691.42,684.75,0.9646813803476845,Bearish,1,0.0,0,,0,,8.987297258269209,48,0.0
25839,2026-01-21,15:03:15,AH,36,20-49,685.33,670.29,2.194563203128431,Bearish,0,,1,28.0,0,,8.178537449568097,47,1.825401902071806
25843,2026-01-21,06:30:27,RTH,4,<10,679.67,686.56,1.0137272499889631,Bullish,1,0.0,0,,0,,4.814103115988281,60,0.2265798280323479
25844,2026-01-21,10:42:21,RTH,36,20-49,680.28,692.62,1.8139589580760909,Bullish,1,3.0,0,,0,,4.720117399958477,60,0.0
25845,2026-01-21,09:51:23,RTH,5,<10,679.63,692.69,1.9216338301723084,Bullish,1,3.0,0,,0,,4.82027200806873,60,0.0
26237,2026-01-22,06:34:37,RTH,6400,>=5000,690.05,680.52,1.3810593435258276,Bearish,1,10.0,0,,0,,8.80660397117962,46,1.1289075944451556
26337,2026-01-23,06:21:11,PM,1,<10,687.67,679.22,1.2287870635624547,Bearish,1,9.0,0,,0,,8.49098705820015,45,1.4789109391814084
26338,2026-01-23,06:53:03,RTH,2,<10,687.71,679.65,1.1720056419130243,Bearish,1,9.0,0,,0,,8.496309593160639,45,1.473008514558275
28215,2026-01-13,07:41:11,RTH,2,<10,693.21,686.52,0.9650755182412334,Bearish,1,1.0,0,,0,,9.222309358365436,52,0.2870720571011978
28767,2026-01-07,13:20:30,AH,81,50-100,689.59,676.47,1.9025797937905136,Bearish,1,8.0,0,,0,,8.74577222742862,56,0.942592969078542
28769,2026-01-07,09:11:56,RTH,437,100-499,693.83,676.47,2.502053817217476,Bearish,1,8.0,0,,0,,9.303427453861183,56,0.3257320749273898
31120,2026-01-26,06:30:36,RTH,1,<10,690.49,677.65,1.859549015916238,Bearish,1,8.0,0,,0,,8.86471501442816,44,1.0644653587262294
31121,2026-01-26,06:31:26,RTH,2,<10,690.49,678.8,1.6930006227461738,Bearish,1,8.0,0,,0,,8.86471501442816,44,1.0644653587262294
31158,2026-01-27,13:58:54,AH,20,20-49,695.51,653.01,6.110623858751133,Bearish,0,,1,37.0,0,,9.522504450421271,43,0.33500982810725355
31159,2026-01-27,13:51:56,AH,54,50-100,695.51,657.39,5.480870152837487,Bearish,0,,1,36.0,0,,9.522504450421271,43,0.33500982810725355
32011,2026-01-28,14:07:47,AH,18,10-19,695.56,652.85,6.140376099833218,Bearish,0,,1,36.0,0,,9.529008382184852,42,0.22571810955382063
32012,2026-01-28,11:37:51,RTH,3,<10,695.29,676.56,2.693839980439819,Bearish,1,6.0,0,,0,,9.493876037786386,42,0.2545696843897923
34884,2026-01-30,14:13:09,AH,74,50-100,691.92,683.43,1.2270204647936191,Bearish,1,3.0,0,,0,,9.053065484900706,40,0.7284110840351907
35038,2026-02-02,12:52:44,RTH,27,20-49,695.31,688.55,0.9722282147531305,Bearish,1,1.0,0,,1,20.0,9.496479369364017,39,0.23730738413891714
35209,2026-02-03,13:56:20,AH,20,20-49,689.44,653.01,5.28399860756557,Bearish,0,,1,32.0,0,,8.725918238443526,38,1.1153987124060751
35333,2026-02-04,14:16:48,AH,40,20-49,686.1,670.29,2.3043288150415475,Bearish,1,18.0,0,,0,,8.281587334663318,37,1.60763808232218
35334,2026-02-04,12:18:46,RTH,3,<10,687.44,680.56,1.0008146165483691,Bearish,1,1.0,0,,0,,8.46037046187668,37,0.12801223731797617
38189,2026-02-05,14:07:06,AH,40,20-49,677.57,627.03,7.459007925380415,Bearish,0,,0,,0,,7.126934590245296,36,5.138954594866575
38190,2026-02-05,13:45:04,AH,132,100-499,677.57,639.11,5.676166300160874,Bearish,0,,1,35.0,0,,7.126934590245296,36,2.886787325709882
38191,2026-02-05,14:00:08,AH,20,20-49,677.57,640.13,5.525628348362539,Bearish,0,,1,35.0,0,,7.126934590245296,36,2.886787325709882
38192,2026-02-05,14:00:05,AH,880,500-999,677.57,642.83,5.127145534778696,Bearish,0,,1,35.0,0,,7.126934590245296,36,2.886787325709882
38220,2026-02-05,08:11:47,RTH,1,<10,676.0,689.72,2.029585798816572,Bullish,1,1.0,0,,1,2.0,5.383138261603181,49,0.0
40284,2026-02-06,12:20:02,RTH,104,100-499,689.76,681.46,1.2033170958014316,Bearish,1,4.0,0,,1,20.0,8.768262975980774,35,1.0684882977865504
40758,2026-02-09,07:19:32,RTH,4,<10,692.27,677.1,2.1913415285943287,Bearish,1,4.0,0,,1,15.0,9.099046716328164,34,0.702038927414523
40762,2026-02-09,07:19:33,RTH,1,<10,692.27,683.09,1.326072197264066,Bearish,1,3.0,0,,1,15.0,9.099046716328164,34,0.702038927414523
40850,2026-02-11,13:52:35,AH,20,20-49,692.01,652.85,5.658877761882049,Bearish,0,,1,26.0,1,13.0,9.064893672508344,32,0.48264845680517754
40904,2026-02-12,14:06:19,AH,132,100-499,681.28,645.82,5.204908407703136,Bearish,0,,1,25.0,0,,7.632687104145869,31,1.8201022598316814
40983,2026-02-13,14:11:01,AH,38,20-49,681.74,636.45,6.64329509783788,Bearish,0,,1,29.0,1,19.0,7.695011397765278,30,1.7513997529529206
40984,2026-02-13,14:13:22,AH,20,20-49,681.74,642.02,5.826268078739699,Bearish,0,,1,29.0,1,19.0,7.695011397765278,30,1.7513997529529206
40989,2026-02-13,12:25:23,RTH,1,<10,681.99,694.26,1.799146615053004,Bullish,0,,1,40.0,0,,4.457545513634729,43,7.728848033420579
41138,2026-02-17,14:08:55,AH,380,100-499,682.77,635.68,6.896905253599314,Bearish,0,,1,28.0,1,14.0,7.834259077452874,29,1.5979015884970442
41139,2026-02-17,15:04:29,AH,30,20-49,682.77,637.34,6.653777992589005,Bearish,0,,1,28.0,1,14.0,7.834259077452874,29,1.5979015884970442
41140,2026-02-17,14:43:36,AH,16,10-19,682.77,653.01,4.358715233533985,Bearish,0,,1,23.0,1,14.0,7.834259077452874,29,1.5979015884970442
41143,2026-02-17,05:05:21,PM,3,<10,678.5,684.99,0.9565217391304361,Bullish,1,0.0,0,,0,,4.9948437212140755,42,0.4008799857221813
41609,2026-02-23,14:15:28,AH,54,50-100,682.41,640.89,6.084318811271814,Bearish,0,,1,24.0,1,10.0,7.785637769541035,25,1.6514987581924772
41660,2026-02-24,14:00:05,AH,20,20-49,687.45,653.01,5.009818895919711,Bearish,1,18.0,0,,1,9.0,8.461702044239587,24,0.9062466616890252
41661,2026-02-24,13:50:48,AH,54,50-100,687.45,657.39,4.372681649574523,Bearish,1,17.0,0,,1,9.0,8.461702044239587,24,0.9062466616890252
41664,2026-02-24,06:33:03,RTH,1,<10,680.85,687.78,1.017845340383337,Bullish,1,0.0,0,,0,,4.632446889687519,37,0.0
41941,2026-02-25,13:52:48,AH,18,10-19,693.02,652.85,5.796369513145358,Bearish,1,17.0,0,,1,4.0,9.197421532297046,23,0.04040111295038645
41942,2026-02-25,05:05:16,PM,0,<10,689.87,681.96,1.1465928363314781,Bearish,1,2.0,0,,1,4.0,8.7828099066672,23,0.5522769037327678
41943,2026-02-25,07:10:09,RTH,23,20-49,690.6,682.24,1.2105415580654522,Bearish,1,2.0,0,,1,4.0,8.879231205202002,23,0.4459879345179883
41944,2026-02-25,07:27:59,RTH,0,<10,690.78,682.58,1.1870638987810782,Bearish,1,2.0,0,,1,4.0,8.902974999728563,23,0.41981422099384424
42201,2026-02-27,12:01:34,RTH,1,<10,683.35,624.96,8.544669642203846,Bearish,0,,0,,1,6.0,7.912485652026782,21,4.249654591122774
42202,2026-02-27,14:09:02,AH,18,10-19,686.16,642.02,6.432901947067737,Bearish,1,20.0,0,,1,6.0,8.289607482675319,21,0.3585162523591483
42203,2026-02-27,12:01:39,RTH,2,<10,683.35,644.3,5.714494768420293,Bearish,1,15.0,0,,1,6.0,7.912485652026782,21,0.7711999878813898
42204,2026-02-27,12:01:38,RTH,2,<10,683.35,660.19,3.389185629618785,Bearish,1,14.0,0,,1,6.0,7.912485652026782,21,0.7711999878813898
42205,2026-02-27,12:01:37,RTH,2,<10,683.35,664.58,2.746762274090873,Bearish,1,6.0,0,,1,6.0,7.912485652026782,21,0.7711999878813898
42206,2026-02-27,12:01:36,RTH,2,<10,683.35,667.94,2.2550669495865905,Bearish,1,6.0,0,,1,6.0,7.912485652026782,21,0.7711999878813898
42210,2026-02-27,05:05:17,PM,0,<10,685.38,691.93,0.9556742245177792,Bullish,0,,1,31.0,0,,3.9408816493678693,34,8.185236030103738
42213,2026-02-27,06:31:18,RTH,2,<10,683.06,693.3,1.4991362398618,Bullish,0,,1,31.0,0,,4.293914831557631,34,7.873388970679727
42665,2026-03-02,14:11:21,AH,126,100-499,686.34,643.29,6.2724014336917655,Bearish,1,19.0,0,,1,5.0,8.313659513233242,20,0.10927919915329401
42708,2026-03-02,01:01:12,PM,18867,>=5000,683.69,677.0,0.9785136538489746,Bearish,1,1.0,0,,1,5.0,7.958280902620348,20,0.7210863281878402
42764,2026-03-02,10:20:19,RTH,1,<10,686.57,679.19,1.0749086036383755,Bearish,1,1.0,0,,1,5.0,8.344374310430844,20,0.2985850120435571
43486,2026-03-03,13:59:11,AH,20,20-49,680.33,653.01,4.015698264077734,Bearish,1,13.0,0,,1,12.0,7.503707127882797,19,0.9936393890418928
43541,2026-03-03,01:00:07,PM,34701,>=5000,684.36,676.15,1.1996609971360155,Bearish,1,0.0,0,,1,4.0,8.04839130035727,19,0.0
43571,2026-03-03,01:00:00,PM,1496,1000-2000,684.36,676.69,1.120755158103916,Bearish,1,0.0,0,,1,4.0,8.04839130035727,19,0.0
43626,2026-03-03,05:05:15,PM,3,<10,676.6,685.36,1.2947088383091916,Bullish,1,1.0,0,,0,,5.289685877688069,32,1.0257207885706139
43633,2026-03-03,05:05:15,PM,1,<10,676.6,687.6,1.6257759385161097,Bullish,0,,1,29.0,0,,5.289685877688069,32,6.993788161857083
43634,2026-03-03,06:31:29,RTH,2,<10,675.0,693.3,2.7111111111111046,Bullish,0,,1,29.0,0,,5.539261429398149,32,6.773328993055555
44152,2026-03-04,14:10:03,AH,100,50-100,685.16,637.78,6.915173098254422,Bearish,1,17.0,0,,1,3.0,8.155754962800655,18,0.05400626085513338
44153,2026-03-04,14:23:45,AH,40,20-49,685.16,670.29,2.1702959892579843,Bearish,1,2.0,0,,1,3.0,8.155754962800655,18,0.05400626085513338
44154,2026-03-04,05:05:19,PM,1,<10,681.2,670.97,1.501761597181447,Bearish,1,2.0,0,,1,10.0,7.621839504275549,18,0.8646545589355116
44157,2026-03-04,05:05:19,PM,1,<10,681.2,673.99,1.058426306517915,Bearish,1,2.0,0,,1,10.0,7.621839504275549,18,0.8646545589355116
44161,2026-03-04,13:07:42,AH,90,50-100,685.16,692.0,0.9983069647965486,Bullish,0,,1,28.0,0,,3.9742563267612727,31,8.155754962800655
44272,2026-03-05,13:47:11,AH,114,100-499,681.46,639.11,6.214598068852173,Bearish,1,16.0,0,,1,6.0,7.657084891721457,17,0.27881098693429746
44273,2026-03-05,14:04:40,AH,20,20-49,681.46,640.13,6.064919437677933,Bearish,1,16.0,0,,1,6.0,7.657084891721457,17,0.27881098693429746
44274,2026-03-05,14:03:59,AH,760,500-999,681.46,642.83,5.66871129633434,Bearish,1,16.0,0,,1,6.0,7.657084891721457,17,0.27881098693429746
44275,2026-03-05,07:43:31,RTH,14,10-19,681.58,674.95,0.9727398104404464,Bearish,1,1.0,0,,1,6.0,7.673342924253211,17,0.12324054552014571
44278,2026-03-05,09:48:27,RTH,1,<10,677.04,689.0,1.7665130568356429,Bullish,0,,1,27.0,0,,5.221259400986284,30,7.054231759294129
44382,2026-03-06,14:34:58,AH,19,10-19,672.3,634.87,5.567455005206002,Bearish,1,15.0,0,,1,10.0,6.398924691822841,16,1.6450967353209203
44385,2026-03-06,06:53:07,RTH,0,<10,671.77,687.26,2.305848727987259,Bullish,0,,1,26.0,0,,6.046714597025398,29,6.325077139962336
44493,2026-03-09,14:12:20,AH,60,50-100,678.17,640.89,5.497146733120011,Bearish,1,14.0,0,,1,8.0,7.209102541121689,15,0.7652926775826918
44563,2026-03-09,01:00:00,PM,23808,>=5000,671.3,663.31,1.1902279159839133,Bearish,1,0.0,0,,1,9.0,6.259492135129594,15,0.0
44579,2026-03-09,01:00:00,PM,5147,>=5000,671.3,664.26,1.0487114553850685,Bearish,1,0.0,0,,1,9.0,6.259492135129594,15,0.0
44597,2026-03-09,13:50:13,AH,20,20-49,678.17,670.09,1.191441673916559,Bearish,1,3.0,0,,1,8.0,7.209102541121689,15,0.7652926775826918
44604,2026-03-09,05:05:16,PM,1,<10,666.0,673.97,1.1966966966967008,Bullish,1,0.0,0,,0,,6.965467664930555,28,0.5420398425769519
44609,2026-03-09,05:05:16,PM,0,<10,666.0,675.12,1.36936936936937,Bullish,1,0.0,0,,0,,6.965467664930555,28,0.5420398425769519
45004,2026-03-10,14:39:56,AH,14,10-19,677.05,412.4,39.08869359722325,Bearish,0,,0,,1,7.0,7.055604564378548,14,5.219705287414157
45005,2026-03-10,14:39:56,AH,46,20-49,677.05,455.0,32.79669152942913,Bearish,0,,0,,1,7.0,7.055604564378548,14,5.219705287414157
45006,2026-03-10,14:39:55,AH,11,10-19,677.05,499.9,26.164980429805773,Bearish,0,,0,,1,7.0,7.055604564378548,14,5.219705287414157
45007,2026-03-10,14:39:56,AH,12,10-19,677.05,510.85,24.547670039140378,Bearish,0,,0,,1,7.0,7.055604564378548,14,5.219705287414157
45008,2026-03-10,14:47:08,AH,57,50-100,677.05,626.08,7.528247544494486,Bearish,0,,0,,1,7.0,7.055604564378548,14,5.219705287414157
45009,2026-03-10,14:15:39,AH,266,100-499,677.05,631.21,6.770548703936183,Bearish,1,14.0,0,,1,7.0,7.055604564378548,14,0.4475322487030198
45010,2026-03-10,14:21:25,AH,80,50-100,677.05,637.93,5.778007532678533,Bearish,1,13.0,0,,1,7.0,7.055604564378548,14,0.4475322487030198
45012,2026-03-10,14:03:35,AH,20,20-49,677.05,653.01,3.5506978805110356,Bearish,1,8.0,0,,1,7.0,7.055604564378548,14,0.4475322487030198
45013,2026-03-10,13:58:53,AH,60,50-100,677.05,657.39,2.9037737242448816,Bearish,1,7.0,0,,1,7.0,7.055604564378548,14,0.4475322487030198
45014,2026-03-10,05:05:20,PM,0,<10,676.57,663.13,1.9864906809347227,Bearish,1,3.0,0,,1,7.0,6.989664144600713,14,1.0035894809941988
45015,2026-03-10,05:05:20,PM,1,<10,676.57,664.75,1.7470476077863413,Bearish,1,3.0,0,,1,7.0,6.989664144600713,14,1.0035894809941988
45016,2026-03-10,10:33:26,RTH,19,10-19,682.7,667.32,2.2528196865387424,Bearish,1,2.0,0,,1,3.0,7.82480895021606,14,0.0
45017,2026-03-10,05:05:20,PM,0,<10,676.57,669.98,0.9740307728690352,Bearish,1,2.0,0,,1,7.0,6.989664144600713,14,1.0035894809941988
45049,2026-03-10,11:46:45,RTH,0,<10,678.62,686.03,1.0919218413839804,Bullish,0,,1,23.0,0,,4.9762775409562785,27,7.2706331530348365
45165,2026-03-11,13:42:55,AH,60,50-100,676.28,630.79,6.726503814987876,Bearish,1,13.0,0,,1,6.0,6.949779781026347,13,0.0
45166,2026-03-11,13:57:52,AH,20,20-49,676.28,633.39,6.342047672561659,Bearish,1,12.0,0,,1,6.0,6.949779781026347,13,0.0
45168,2026-03-11,14:38:34,AH,60,50-100,676.28,640.18,5.338025669840897,Bearish,1,12.0,0,,1,6.0,6.949779781026347,13,0.0
45169,2026-03-11,13:50:40,AH,20,20-49,676.28,652.85,3.4645413142485286,Bearish,1,7.0,0,,1,6.0,6.949779781026347,13,0.0
45170,2026-03-11,07:03:10,RTH,1,<10,679.33,666.3,1.9180663300605134,Bearish,1,1.0,0,,1,6.0,7.36754901198608,13,0.0
45473,2026-03-12,13:46:59,AH,20,20-49,666.04,630.12,5.393069485316191,Bearish,1,12.0,0,,1,6.0,5.519183638088548,12,1.2596830033903799
45474,2026-03-12,14:09:41,AH,114,100-499,666.04,645.82,3.0358537024803187,Bearish,1,6.0,0,,1,6.0,5.519183638088548,12,1.2596830033903799
45477,2026-03-12,11:17:12,RTH,2,<10,669.12,682.01,1.9264108082257272,Bullish,1,20.0,0,,0,,6.466704723881739,25,5.954084574235564
45529,2026-03-13,14:12:44,AH,122,100-499,662.36,522.2,21.160698109789234,Bearish,0,,0,,1,10.0,4.994258515478744,11,7.55329649260787
45530,2026-03-13,14:22:16,AH,20,20-49,662.36,594.42,10.257261911951213,Bearish,0,,0,,1,10.0,4.994258515478744,11,7.55329649260787
45531,2026-03-13,14:23:20,AH,30,20-49,662.36,598.63,9.621655897095238,Bearish,0,,0,,1,10.0,4.994258515478744,11,7.55329649260787
45532,2026-03-13,13:49:09,AH,90,50-100,662.36,619.17,6.520623226040229,Bearish,0,,0,,1,10.0,4.994258515478744,11,7.55329649260787
45533,2026-03-13,14:31:24,AH,80,50-100,662.36,634.97,4.135213479074821,Bearish,1,10.0,0,,1,10.0,4.994258515478744,11,1.8222707705449055
45534,2026-03-13,14:29:55,AH,38,20-49,662.36,636.45,3.9117700344223634,Bearish,1,10.0,0,,1,10.0,4.994258515478744,11,1.8222707705449055
45535,2026-03-13,14:30:37,AH,20,20-49,662.36,642.02,3.0708376109668505,Bearish,1,10.0,0,,1,10.0,4.994258515478744,11,1.8222707705449055
45537,2026-03-13,13:11:01,AH,318,100-499,662.36,687.29,3.76381423999033,Bullish,0,,1,21.0,1,19.0,7.55329649260787,24,4.994258515478744
45839,2026-03-16,14:43:33,AH,456,100-499,668.95,630.12,5.8046191793108655,Bearish,1,10.0,0,,1,4.0,5.93018472279319,10,0.8191931647778166
45840,2026-03-16,14:40:43,AH,80,50-100,668.95,631.68,5.5714178937140435,Bearish,1,10.0,0,,1,4.0,5.93018472279319,10,0.8191931647778166
45841,2026-03-16,14:42:54,AH,30,20-49,668.95,637.34,4.725315793407581,Bearish,1,9.0,0,,1,4.0,5.93018472279319,10,0.8191931647778166
46225,2026-03-17,14:15:43,AH,60,50-100,670.72,624.01,6.964157919847333,Bearish,0,,0,,1,3.0,6.178430746529853,9,6.212728806124384
46226,2026-03-17,13:57:26,AH,640,500-999,670.72,630.26,6.032323473282448,Bearish,1,9.0,0,,1,3.0,6.178430746529853,9,0.0
46227,2026-03-17,13:58:51,AH,20,20-49,670.72,653.01,2.6404460877862648,Bearish,1,3.0,0,,1,3.0,6.178430746529853,9,0.0
46229,2026-03-17,09:08:12,RTH,12,10-19,670.35,678.66,1.2396509286193698,Bullish,1,16.0,0,,1,19.0,6.271352972094797,22,6.126645886943391
46293,2026-03-18,08:17:08,RTH,1,<10,667.54,594.28,10.974623243550948,Bearish,0,,0,,1,2.0,5.7314873570310345,8,6.718700699349483
46294,2026-03-18,14:14:44,AH,100,50-100,661.61,615.81,6.9225072172427975,Bearish,0,,0,,1,7.0,4.886560164315082,8,7.675218731342859
46296,2026-03-18,14:13:28,AH,20,20-49,661.61,631.96,4.481492117712849,Bearish,1,8.0,0,,1,7.0,4.886560164315082,8,0.20706767865509684
46297,2026-03-18,14:01:41,AH,30,20-49,661.61,633.39,4.265352700231259,Bearish,1,7.0,0,,1,7.0,4.886560164315082,8,0.20706767865509684
46300,2026-03-18,08:27:26,RTH,17,10-19,667.05,635.55,4.7222846863053745,Bearish,1,7.0,0,,1,2.0,5.662239817573639,8,0.08545013375122487
46303,2026-03-18,14:14:33,AH,200,100-499,661.61,637.78,3.601819803207334,Bearish,1,7.0,0,,1,7.0,4.886560164315082,8,0.20706767865509684
46304,2026-03-18,08:37:59,RTH,1,<10,667.31,652.53,2.2148626575354746,Bearish,1,2.0,0,,1,2.0,5.698996074257084,8,0.019481566499273885
46307,2026-03-18,08:46:16,RTH,1,<10,667.17,677.58,1.560321956922536,Bullish,1,14.0,0,,1,18.0,6.7778848941705325,21,5.679207803577044
46410,2026-03-19,13:59:06,AH,40,20-49,659.82,627.03,4.96953714649451,Bearish,0,,0,,1,6.0,4.628530614883611,7,7.9673266418777
46411,2026-03-19,13:55:55,AH,20,20-49,659.82,640.13,2.984147191658339,Bearish,1,6.0,0,,1,6.0,4.628530614883611,7,0.42359889581627563
46548,2026-03-20,13:48:34,AH,100,50-100,648.54,610.88,5.806889320627867,Bearish,0,,0,,1,6.0,2.969742915336751,6,9.84519299479408
46550,2026-03-20,13:52:30,AH,140,100-499,648.54,614.55,5.241002867980389,Bearish,0,,0,,1,6.0,2.969742915336751,6,9.84519299479408
46551,2026-03-20,14:10:04,AH,20,20-49,648.54,625.06,3.6204397569926328,Bearish,0,,0,,1,6.0,2.969742915336751,6,9.84519299479408
46766,2026-03-20,13:06:45,AH,9696703,>=5000,648.54,658.02,1.4617448422610817,Bullish,1,1.0,0,,1,12.0,9.84519299479408,19,0.0
46768,2026-03-20,06:51:39,RTH,0,<10,655.56,670.91,2.3415095490878066,Bullish,1,12.0,0,,1,12.0,8.668926512971744,19,4.00878191212474
46769,2026-03-20,06:52:03,RTH,0,<10,654.25,671.67,2.662590752770342,Bullish,1,12.0,0,,1,12.0,8.886513511415743,19,3.8165793967329007
46770,2026-03-20,09:22:10,RTH,16,10-19,653.68,677.62,3.662342430547065,Bullish,1,13.0,0,,1,12.0,8.981461058688893,19,3.7327087723542025
47863,2026-03-23,14:17:41,AH,520,500-999,655.41,613.83,6.344120474206974,Bearish,0,,0,,1,4.0,3.9868129419943195,5,8.693796958916943
47864,2026-03-23,13:44:06,AH,40,20-49,655.41,622.02,5.094520986863183,Bearish,0,,0,,1,4.0,3.9868129419943195,5,8.693796958916943
47866,2026-03-23,14:11:54,AH,460,100-499,655.41,626.57,4.40029904944995,Bearish,0,,0,,1,4.0,3.9868129419943195,5,8.693796958916943
47867,2026-03-23,14:49:20,AH,200,100-499,655.41,627.55,4.250774324468655,Bearish,0,,0,,1,4.0,3.9868129419943195,5,8.693796958916943
47868,2026-03-23,14:11:05,AH,40,20-49,655.41,634.56,3.181214812102352,Bearish,1,4.0,0,,1,4.0,3.9868129419943195,5,0.836120084899152
47869,2026-03-23,14:09:10,AH,60,50-100,655.41,640.89,2.2154071497230716,Bearish,1,4.0,0,,1,4.0,3.9868129419943195,5,0.836120084899152
47925,2026-03-23,01:01:00,PM,24991,>=5000,653.28,643.03,1.5690056331129072,Bearish,1,4.0,0,,1,4.0,3.6737648027071046,5,1.4289416841744778
47951,2026-03-23,01:00:00,PM,1036,1000-2000,653.28,643.85,1.443485182463867,Bearish,1,4.0,0,,1,4.0,3.6737648027071046,5,1.4289416841744778
47952,2026-03-23,12:26:49,RTH,10,10-19,657.5,644.43,1.9878326996197797,Bearish,1,3.0,0,,1,4.0,4.292010753326996,5,0.5155915815114068
47953,2026-03-23,05:05:17,PM,2,<10,656.5,646.84,1.4714394516374665,Bearish,1,3.0,0,,1,4.0,4.146225545030465,5,0.9314531964013708
48482,2026-03-23,04:05:18,PM,12210,>=5000,643.5,650.37,1.0675990675990683,Bullish,1,0.0,0,,1,0.0,10.70551898188617,18,0.0
48537,2026-03-23,04:05:18,PM,16377,>=5000,643.5,651.0,1.1655011655011656,Bullish,1,0.0,0,,1,0.0,10.70551898188617,18,0.0
48617,2026-03-23,04:05:28,PM,33190,>=5000,643.5,651.92,1.3084693084693022,Bullish,1,0.0,0,,1,0.0,10.70551898188617,18,0.0
48670,2026-03-23,04:05:41,PM,32237,>=5000,643.5,652.5,1.3986013986013985,Bullish,1,0.0,0,,1,0.0,10.70551898188617,18,0.0
48776,2026-03-23,04:05:20,PM,26794,>=5000,643.5,653.7,1.5850815850815922,Bullish,1,0.0,0,,1,0.0,10.70551898188617,18,0.0
48889,2026-03-23,04:05:37,PM,28735,>=5000,643.5,654.9,1.771561771561768,Bullish,1,0.0,0,,1,0.0,10.70551898188617,18,0.0
49042,2026-03-23,04:05:47,PM,38387,>=5000,643.5,656.46,2.0139860139860195,Bullish,1,0.0,0,,1,0.0,10.70551898188617,18,0.0
49066,2026-03-23,04:05:47,PM,39046,>=5000,643.5,656.7,2.051282051282058,Bullish,1,0.0,0,,1,0.0,10.70551898188617,18,0.0
49194,2026-03-23,04:05:22,PM,13888,>=5000,643.5,658.0,2.253302253302253,Bullish,1,0.0,0,,1,0.0,10.70551898188617,18,0.0
49306,2026-03-23,04:05:22,PM,3064,2000-4999,643.5,659.12,2.427350427350428,Bullish,1,0.0,0,,1,0.0,10.70551898188617,18,0.0
49412,2026-03-23,04:05:23,PM,9082,>=5000,643.5,660.3,2.6107226107226036,Bullish,1,0.0,0,,1,0.0,10.70551898188617,18,0.0
49487,2026-03-23,04:05:23,PM,2680,2000-4999,643.5,661.14,2.741258741258739,Bullish,1,0.0,0,,1,0.0,10.70551898188617,18,0.0
49565,2026-03-23,04:07:29,PM,36586,>=5000,655.37,662.0,1.0116422784076162,Bullish,1,0.0,0,,1,11.0,8.700431000570289,18,0.0
49598,2026-03-23,04:07:59,PM,33186,>=5000,655.37,662.47,1.0833574927140428,Bullish,1,0.0,0,,1,11.0,8.700431000570289,18,0.0
49601,2026-03-23,04:05:23,PM,22316,>=5000,643.5,662.5,2.9526029526029527,Bullish,1,0.0,0,,1,0.0,10.70551898188617,18,0.0
49641,2026-03-23,04:05:23,PM,3140,2000-4999,643.5,663.0,3.0303030303030303,Bullish,1,0.0,0,,1,0.0,10.70551898188617,18,0.0
49690,2026-03-23,04:07:48,PM,90701,>=5000,655.37,663.5,1.2405206219387515,Bullish,1,11.0,0,,1,11.0,8.700431000570289,18,3.980952851538063
49779,2026-03-23,04:07:51,PM,4850,2000-4999,655.37,664.48,1.3900544730457625,Bullish,1,11.0,0,,1,11.0,8.700431000570289,18,3.980952851538063
49806,2026-03-23,04:05:22,PM,2904,2000-4999,643.5,664.75,3.3022533022533023,Bullish,1,11.0,0,,1,0.0,10.70551898188617,18,2.209785657051282
49979,2026-03-23,06:43:00,RTH,3,<10,658.38,671.62,2.010996688842311,Bullish,1,11.0,0,,1,12.0,8.20347134609762,18,4.419935402522099
52836,2026-03-24,10:31:46,RTH,105,100-499,653.41,666.06,1.9359973064385267,Bullish,1,10.0,0,,1,10.0,9.026494031073527,17,3.6929295087502436
52837,2026-03-24,06:34:02,RTH,4,<10,652.43,675.25,3.4976932391214466,Bullish,1,10.0,0,,1,10.0,9.190260203920353,17,3.548268887562643
53280,2026-03-25,13:47:50,AH,20,20-49,656.76,613.48,6.589926304890671,Bearish,0,,0,,1,2.0,4.184172407443357,3,8.470371924057115
53281,2026-03-25,13:43:59,AH,240,100-499,656.76,616.1,6.190998233753573,Bearish,0,,0,,1,2.0,4.184172407443357,3,8.470371924057115
53282,2026-03-25,14:09:28,AH,10,10-19,656.76,625.53,4.755161702905173,Bearish,0,,0,,1,2.0,4.184172407443357,3,8.470371924057115
53283,2026-03-25,13:50:01,AH,20,20-49,656.76,627.12,4.513064133016624,Bearish,0,,0,,1,2.0,4.184172407443357,3,8.470371924057115
53284,2026-03-25,13:43:32,AH,60,50-100,656.76,630.79,3.9542603081795527,Bearish,1,3.0,0,,1,2.0,4.184172407443357,3,0.0
53285,2026-03-25,13:49:53,AH,20,20-49,656.76,633.39,3.5583774894938793,Bearish,1,2.0,0,,1,2.0,4.184172407443357,3,0.0
53287,2026-03-25,14:07:33,AH,60,50-100,656.76,640.18,2.5245142822340036,Bearish,1,2.0,0,,1,2.0,4.184172407443357,3,0.0
53288,2026-03-25,05:05:20,PM,0,<10,659.83,650.68,1.3867208220299305,Bearish,1,1.0,0,,1,2.0,4.629976009445621,3,0.16064965952403787
53293,2026-03-25,10:55:04,RTH,3,<10,657.67,667.91,1.5570118752565891,Bullish,1,9.0,0,,1,9.0,8.320284435725751,16,4.316750148725799
53608,2026-03-26,13:11:59,AH,12795,>=5000,645.17,651.3,0.9501371731481618,Bullish,1,3.0,0,,1,8.0,10.418961614526022,15,2.4629122096695384
53619,2026-03-26,12:40:09,RTH,4,<10,645.84,656.15,1.59637061810974,Bullish,1,4.0,0,,1,8.0,10.304412029053243,15,2.564098027859072
53624,2026-03-26,09:36:38,RTH,305,100-499,649.5,657.97,1.3040800615858394,Bullish,1,4.0,0,,1,8.0,9.68283520376251,15,3.113159461605081
53883,2026-03-27,13:48:00,AH,40,20-49,634.18,594.42,6.269513387366361,Bearish,0,,0,,0,,0.7726466780921741,1,12.332463125364653
53884,2026-03-27,13:55:00,AH,100,50-100,634.18,598.63,5.605664007064234,Bearish,0,,0,,0,,0.7726466780921741,1,12.332463125364653
53885,2026-03-27,13:57:47,AH,200,100-499,634.18,607.57,4.195969598536678,Bearish,0,,0,,0,,0.7726466780921741,1,12.332463125364653
53886,2026-03-27,14:08:24,AH,20,20-49,634.18,611.28,3.610962187391589,Bearish,0,,0,,0,,0.7726466780921741,1,12.332463125364653
53887,2026-03-27,13:46:38,AH,90,50-100,634.18,619.17,2.366835914093789,Bearish,0,,0,,0,,0.7726466780921741,1,12.332463125364653
53888,2026-03-27,13:59:14,AH,20,20-49,634.18,624.36,1.5484562742438956,Bearish,0,,0,,0,,0.7726466780921741,1,12.332463125364653
53890,2026-03-27,13:58:34,AH,22,20-49,634.18,642.02,1.236242076382105,Bullish,1,2.0,0,,1,3.0,12.332463125364653,14,0.7726466780921741
53894,2026-03-27,05:05:16,PM,1,<10,642.89,651.14,1.2832677440930798,Bullish,1,2.0,0,,1,7.0,10.81056084998017,14,2.116998351681467
53896,2026-03-27,05:05:16,PM,0,<10,642.89,652.45,1.4870351070945356,Bullish,1,3.0,0,,1,7.0,10.81056084998017,14,2.116998351681467
53898,2026-03-27,12:54:28,RTH,21,20-49,634.26,656.8,3.5537476744552645,Bullish,1,3.0,0,,1,3.0,12.318294492548404,14,0.7851623471644106
53899,2026-03-27,15:33:09,AH,100,50-100,634.18,656.82,3.569964363429957,Bullish,1,3.0,0,,1,3.0,12.332463125364653,14,0.7726466780921741
53900,2026-03-27,06:20:29,PM,0,<10,641.75,658.28,2.575769380599918,Bullish,1,3.0,0,,1,7.0,11.007403918728087,14,1.9431197044215038
54002,2026-03-30,06:40:54,RTH,0,<10,637.91,649.42,1.8043297643868244,Bullish,1,1.0,0,,1,2.0,11.675630519734373,13,1.3528508258414147
54003,2026-03-30,06:40:53,RTH,0,<10,637.91,651.52,2.133529808280167,Bullish,1,1.0,0,,1,2.0,11.675630519734373,13,1.3528508258414147
54004,2026-03-30,07:46:19,RTH,44,20-49,635.01,656.82,3.4345915812349506,Bullish,1,2.0,0,,1,2.0,12.185637178696005,13,0.9023433809113228
54005,2026-03-30,12:48:35,RTH,28,20-49,631.4,657.33,4.10674691162497,Bullish,1,2.0,0,,1,1.0,12.827053317775977,13,0.0
54006,2026-03-30,07:02:44,RTH,2,<10,635.66,677.72,6.6167448006796175,Bullish,1,7.0,0,,1,2.0,12.07092071995053,13,1.0036766043364327
54374,2026-03-31,08:53:11,RTH,400,100-499,640.94,604.6,5.669797484943993,Bearish,0,,0,,0,,0.0,0,11.147691616756239
54394,2026-03-31,12:37:32,RTH,9,<10,650.01,640.01,1.5384378701866126,Bearish,0,,0,,0,,0.7538368099625377,2,9.59677768779519
54395,2026-03-31,12:45:35,RTH,9,<10,649.91,642.58,1.1278484713267878,Bearish,0,,0,,0,,0.7385660550595419,2,9.613641065445606
54413,2026-03-31,01:01:17,PM,3495,2000-4999,630.54,638.2,1.214831731531716,Bullish,1,0.0,0,,1,0.0,12.980939297814182,12,0.0
54438,2026-03-31,01:00:14,PM,25157,>=5000,630.54,638.5,1.2624099977796868,Bullish,1,0.0,0,,1,0.0,12.980939297814182,12,0.0
54695,2026-03-31,06:53:10,RTH,298,100-499,641.7,654.39,1.977559607293118,Bullish,1,1.0,0,,1,5.0,11.016053396982617,12,0.5797131886005992
54696,2026-03-31,06:49:25,RTH,298,100-499,640.74,654.42,2.1350313699784547,Bullish,1,1.0,0,,1,3.0,11.182385155981754,12,0.4307549912991243
55235,2026-04-01,06:47:23,RTH,0,<10,653.78,638.35,2.3601211416684436,Bearish,0,,0,,0,,1.326136414151163,1,8.964791619266043
55236,2026-04-01,05:05:17,PM,1,<10,655.64,641.4,2.171923616618878,Bearish,0,,0,,0,,1.6060665378008492,1,8.65566692825903
55237,2026-04-01,05:05:17,PM,0,<10,655.64,646.25,1.4321883960710124,Bearish,1,1.0,0,,0,,1.6060665378008492,1,0.4392684295116243
55240,2026-04-01,05:05:17,PM,0,<10,655.64,647.77,1.2003538527240567,Bearish,1,1.0,0,,0,,1.6060665378008492,1,0.4392684295116243
55453,2026-04-02,06:13:35,PM,0,<10,645.54,639.27,0.9712798587229269,Bearish,0,,0,,0,,0.06661316857785167,0,10.35567349016909
55455,2026-04-02,08:47:27,RTH,14,10-19,654.52,646.51,1.2237975921285815,Bearish,0,,0,,0,,0.528632042016475,2,8.841596077803203
55457,2026-04-02,01:00:00,PM,534,500-999,654.75,647.35,1.130202367315766,Bearish,1,0.0,0,,0,,1.472319915759832,0,0.0
55488,2026-04-02,01:01:39,PM,9570,>=5000,654.75,648.35,0.9774723176784997,Bearish,1,0.0,0,,0,,1.472319915759832,0,0.0
55582,2026-04-02,05:05:24,PM,0,<10,644.68,656.65,1.856735124402809,Bullish,1,0.0,0,,1,3.0,10.502887424526518,10,0.0
55654,2026-04-02,05:05:24,PM,0,<10,644.68,658.35,2.1204318421542587,Bullish,1,0.0,0,,1,3.0,10.502887424526518,10,0.0
56685,2026-04-06,12:56:38,RTH,3,<10,658.25,594.78,9.642233194075203,Bearish,0,,0,,0,,1.092290534205279,1,8.224840812523738
56687,2026-04-06,11:19:13,RTH,7,<10,657.72,673.47,2.3946360153256703,Bullish,1,2.0,0,,1,2.0,8.3120499070178,9,1.0125893148157692
56688,2026-04-06,10:38:11,RTH,1,<10,657.29,683.39,3.9708500053248983,Bullish,1,5.0,0,,1,2.0,8.382907795408045,9,0.9478316179169338
56864,2026-04-07,06:25:35,PM,0,<10,656.54,645.41,1.6952508605720895,Bearish,0,,0,,0,,0.8346791423837411,0,8.506719262868605
57098,2026-04-07,15:00:36,AH,100432,>=5000,659.22,665.61,0.9693273869118028,Bullish,1,1.0,0,,1,2.0,8.065594892211625,8,0.0
57173,2026-04-07,15:00:26,AH,25164,>=5000,659.22,666.4,1.0891659840417387,Bullish,1,1.0,0,,1,2.0,8.065594892211625,8,0.0
57209,2026-04-07,06:31:09,RTH,1,<10,656.62,680.09,3.5743656909628134,Bullish,1,2.0,0,,1,1.0,8.493499230671848,8,0.8467610553145282
57797,2026-04-08,13:51:54,AH,546,500-999,676.06,628.46,7.040795195692677,Bearish,0,,0,,0,,0.33872444291186365,1,5.373785558742945
57798,2026-04-08,13:42:19,AH,54,50-100,676.06,630.79,6.69615122918084,Bearish,0,,0,,0,,0.33872444291186365,1,5.373785558742945
57799,2026-04-08,13:49:02,AH,16,10-19,676.06,633.39,6.311569978995942,Bearish,0,,0,,0,,0.33872444291186365,1,5.373785558742945
57801,2026-04-08,14:11:08,AH,66,50-100,676.06,640.18,5.307221252551549,Bearish,0,,0,,0,,0.33872444291186365,1,5.373785558742945
57802,2026-04-08,13:47:13,AH,18,10-19,676.06,652.85,3.433127237227454,Bearish,0,,0,,0,,0.33872444291186365,1,5.373785558742945
57804,2026-04-08,05:05:20,PM,1,<10,677.65,655.67,3.2435623109274725,Bearish,0,,0,,0,,0.9134476540018782,0,5.126542411043684
57806,2026-04-08,09:38:02,RTH,2,<10,675.42,656.67,2.7760504574931155,Bearish,0,,0,,0,,0.39086356683618484,0,5.473633390843852
57807,2026-04-08,07:00:21,RTH,77,50-100,674.68,656.88,2.638287780873889,Bearish,0,,0,,0,,0.4772600384395121,0,5.589318587839799
57808,2026-04-08,05:05:20,PM,0,<10,677.65,658.2,2.8702132369217046,Bearish,0,,0,,0,,0.9134476540018782,0,5.126542411043684
57848,2026-04-08,04:39:23,PM,21216,>=5000,659.22,677.48,2.7699402323958604,Bullish,1,0.0,0,,1,1.0,8.065594892211625,7,0.0
58075,2026-04-09,11:42:47,RTH,33,20-49,679.21,646.31,4.843862722869228,Bearish,0,,0,,0,,0.387212041954077,2,4.885089243155646
58078,2026-04-09,06:44:03,RTH,15,10-19,675.67,650.34,3.74887149052051,Bearish,0,,0,,0,,0.28119947145055413,0,5.434607818674434
58079,2026-04-09,13:58:30,AH,1,<10,679.86,658.93,3.0785750007354546,Bearish,0,,0,,0,,0.4824497558550678,2,4.784810791697921
58120,2026-04-10,14:33:10,AH,80,50-100,679.53,634.97,6.557473547893389,Bearish,0,,0,,0,,0.4341210704687391,1,4.835697415631029
58121,2026-04-10,14:25:46,AH,42,20-49,679.53,636.45,6.339675952496568,Bearish,0,,0,,0,,0.4341210704687391,1,4.835697415631029
58122,2026-04-10,14:29:09,AH,20,20-49,679.53,642.02,5.519991759009903,Bearish,0,,0,,0,,0.4341210704687391,1,4.835697415631029
58123,2026-04-10,12:08:02,RTH,23,20-49,679.54,656.82,3.343438208199652,Bearish,0,,0,,0,,0.4355862657321443,1,4.834154670576793
58212,2026-04-13,14:18:53,AH,144,100-499,686.13,645.82,5.874979960065869,Bearish,0,,0,,0,,0.0,0,3.8272651900423393
58215,2026-04-13,01:00:00,PM,1357,1000-2000,680.65,674.0,0.9770072724601451,Bearish,0,,0,,0,,0.5979553236106997,0,4.663191750303023
58280,2026-04-13,12:45:21,RTH,105,100-499,684.01,697.1,1.9137147117732245,Bullish,1,2.0,0,,1,4.0,4.149064289767329,4,0.0
58475,2026-04-14,13:59:35,AH,20,20-49,694.22,653.01,5.936158566448682,Bearish,0,,0,,0,,0.002879172736132247,1,2.6173280297942254
58476,2026-04-14,13:10:41,AH,6502,>=5000,694.22,656.44,5.442078879893978,Bearish,0,,0,,0,,0.002879172736132247,1,2.6173280297942254
58478,2026-04-14,06:36:06,RTH,7,<10,688.87,657.87,4.500123390480062,Bearish,0,,0,,0,,0.0,0,3.4142892923828145
58479,2026-04-14,01:00:00,PM,3,<10,686.44,670.0,2.394965328360826,Bearish,0,,0,,0,,0.0,0,3.780376238045196
58480,2026-04-14,05:05:16,PM,0,<10,688.11,679.61,1.2352676170961039,Bearish,0,,0,,0,,0.06540042369225321,0,3.5285077456275142
58484,2026-04-14,15:16:24,AH,9,<10,694.22,724.5,4.361729711042605,Bullish,0,,0,,0,,2.6173280297942254,3,0.002879172736132247
59184,2026-04-15,08:57:48,RTH,230,100-499,697.09,640.26,8.152462379319749,Bearish,0,,0,,0,,0.1993986132305415,0,2.1948406444558763
59185,2026-04-15,15:09:15,AH,36,20-49,699.89,670.29,4.229236022803587,Bearish,0,,0,,0,,0.19431206377073346,1,1.7859970350251486
59186,2026-04-15,06:30:50,RTH,10,10-19,695.26,687.66,1.0931162442827178,Bearish,0,,0,,0,,0.0,0,2.4638285890799856
59187,2026-04-15,07:33:43,RTH,2,<10,696.92,687.94,1.2885266601618415,Bearish,0,,0,,0,,0.1750542089434525,0,2.219769076570846
59265,2026-04-16,06:41:57,RTH,7,<10,700.64,657.96,6.091573418588712,Bearish,0,,0,,0,,0.2526268672659977,0,1.6770402272832714
59512,2026-04-17,09:24:20,RTH,7,<10,711.46,696.79,2.0619571022966956,Bearish,0,,0,,0,,0.34717479065935347,0,0.1307191758408714
